Barcode,Protospacer Per Tag
AAACCCAAGGGTTAAT-1,No Protospacer
AAACCCAAGTCTAACC-1,No Protospacer
AAACCCAAGTCTTCCC-1,No Protospacer
AAACCCACATCGTCCT-1,4.CRko.sg_hACTG1_5.ACTG1
AAACCCATCCAAGCCG-1,No Protospacer
AAACCCATCGCGGTAC-1,4.CRko.sg_hCHUK_5.CHUK
AAACCCATCTGTAAGC-1,2.CRko.sg_hREEP5-INTRON_3.REEP5-INTRON
AAACGAAAGGCTTTCA-1,No Protospacer
AAACGAAGTGTCATTG-1,4.CRko.sg_hSMPD1_1.SMPD1
AAACGAATCTGCGATA-1,4.CRko.sg_hTAB1_1.TAB1
AAACGCTAGACTTCAC-1,2.CRko.sg_hDMD-INTRON_1.DMD-INTRON
AAAGAACAGCTGCGAA-1,4.CRko.sg_hCHUK_1.CHUK
AAAGAACAGTACAACA-1,1.CRko.sg_Neg_Control_Human_GA_0493.Neg_Control_Human
AAAGGATCAGTCGCAC-1,2.CRko.sg_hALAS1-INTRON_3.ALAS1-INTRON
AAAGGGCAGCGTTAGG-1,4.CRko.sg_hCHUK_2.CHUK
AAAGGGCGTATTCCGA-1,1.CRko.sg_Neg_Control_Human_GA_0486.Neg_Control_Human
AAAGGTAGTTTCGACA-1,2.CRko.sg_hALAS1-INTRON_3.ALAS1-INTRON
AAAGGTATCAAGTCGT-1,4.CRko.sg_hRELA_6.RELA
AAAGGTATCATCAGTG-1,4.CRko.sg_hCHUK_8.CHUK
AAAGTCCTCGGCTGAC-1,2.CRko.sg_hDMD-INTRON_6.DMD-INTRON
AAAGTCCTCTGCGTCT-1,2.CRko.sg_hALAS1-INTRON_1.ALAS1-INTRON
AAAGTGACACACAGCC-1,No Protospacer
AAATGGACAGCTTTCC-1,2.CRko.sg_hALAS1-INTRON_1.ALAS1-INTRON
AACAAAGAGACGGTTG-1,2.CRko.sg_hALAS1-INTRON_6.ALAS1-INTRON
AACAAAGCAAGCGGAT-1,2.CRko.sg_hCHAT-INTRON_8.CHAT-INTRON
AACAAAGGTCGGTAAG-1,No Protospacer
AACAAAGGTGCAACGA-1,4.CRko.sg_hTNFRSF1A_6.TNFRSF1A
AACAACCGTTCTAACG-1,4.CRko.sg_hCHUK_8.CHUK
AACAACCTCGAGTTGT-1,2.CRko.sg_hDMD-INTRON_3.DMD-INTRON
AACAACCTCTACTCAT-1,Multi Protospacers
AACAAGAAGCGAGGAG-1,Multi Protospacers
AACACACAGGCATCGA-1,2.CRko.sg_hALAS1-INTRON_2.ALAS1-INTRON
AACACACCAATTGCCA-1,1.CRko.sg_Neg_Control_Human_GA_0492.Neg_Control_Human
AACACACGTAGGAAAG-1,Multi Protospacers
AACACACTCACCATCC-1,4.CRko.sg_hSMPD1_8.SMPD1
AACAGGGAGATCGCCC-1,Multi Protospacers
AACAGGGCACAAGTGG-1,4.CRko.sg_hCHUK_5.CHUK
AACCAACGTCGCGTTG-1,No Protospacer
AACCAACGTTCGTACA-1,No Protospacer
AACCACACACTGATTG-1,2.CRko.sg_hDMD-INTRON_6.DMD-INTRON
AACCATGCAGGTGACA-1,No Protospacer
AACCCAAGTGACCTGC-1,1.CRko.sg_Neg_Control_Human_GA_0496.Neg_Control_Human
AACCCAATCAATCCAG-1,No Protospacer
AACCCAATCGTACCTC-1,4.CRko.sg_hSMPD1_7.SMPD1
AACCTTTAGCACTTTG-1,4.CRko.sg_hRELA_4.RELA
AACGAAATCTGGGATT-1,Multi Protospacers
AACGAAATCTGTCCCA-1,1.CRko.sg_Neg_Control_Human_GA_0491.Neg_Control_Human
AACGGGACAGTACTAC-1,No Protospacer
AACGTCAAGGAGTATT-1,2.CRko.sg_hCHAT-INTRON_6.CHAT-INTRON
AACGTCAGTATTTCCT-1,4.CRko.sg_hTNFRSF1A_8.TNFRSF1A
AACGTCAGTGAATTAG-1,1.CRko.sg_Neg_Control_Human_GA_0488.Neg_Control_Human
AACGTCATCGGAGTGA-1,Multi Protospacers
AAGAACAGTTCAACGT-1,No Protospacer
AAGAACATCTATGCCC-1,No Protospacer
AAGACAAAGGGACAGG-1,2.CRko.sg_hALAS1-INTRON_1.ALAS1-INTRON
AAGACAACAATGTCTG-1,4.CRko.sg_hSMPD1_3.SMPD1
AAGACAACAGCTGTGC-1,No Protospacer
AAGACAAGTTCAAACC-1,4.CRko.sg_hSMPD1_3.SMPD1
AAGACTCTCTCGAACA-1,1.CRko.sg_Neg_Control_Human_GA_0495.Neg_Control_Human
AAGCATCCAGCTAACT-1,4.CRko.sg_hTNFRSF1A_7.TNFRSF1A
AAGCATCTCCAAACCA-1,No Protospacer
AAGCATCTCTAGAGCT-1,2.CRko.sg_hREEP5-INTRON_8.REEP5-INTRON
AAGCCATAGTAGTGCG-1,1.CRko.sg_Neg_Control_Human_GA_0499.Neg_Control_Human
AAGCCATTCTGGCTGG-1,4.CRko.sg_hTAB1_7.TAB1
AAGCGAGAGCACTAGG-1,4.CRko.sg_hTNFRSF1A_7.TNFRSF1A
AAGCGTTCATACAGCT-1,4.CRko.sg_hSMPD1_6.SMPD1
AAGCGTTGTAGTAAGT-1,No Protospacer
AAGCGTTGTGATTGGG-1,1.CRko.sg_Neg_Control_Human_GA_0500.Neg_Control_Human
AAGGAATCACGACGCT-1,4.CRko.sg_hRELA_2.RELA
AAGGAATGTTCGATTG-1,Multi Protospacers
AAGGTAAAGGTAGTAT-1,4.CRko.sg_hIKBKG_2.IKBKG
AAGGTAACAATCCAGT-1,4.CRko.sg_hRELA_3.RELA
AAGGTAACATAGATGA-1,No Protospacer
AAGTACCAGTTACTCG-1,4.CRko.sg_hACTG1_2.ACTG1
AAGTACCTCAAGCTGT-1,4.CRko.sg_hTAB1_3.TAB1
AAGTCGTAGCTGCGAA-1,No Protospacer
AAGTGAATCGCTGCGA-1,1.CRko.sg_Neg_Control_Human_GA_0492.Neg_Control_Human
AAGTTCGAGCGTCTGC-1,2.CRko.sg_hDMD-INTRON_5.DMD-INTRON
AAGTTCGTCCGTAGTA-1,4.CRko.sg_hSMPD1_2.SMPD1
AATCACGAGCAAGCCA-1,2.CRko.sg_hCHAT-INTRON_5.CHAT-INTRON
AATCACGCACAAGCAG-1,No Protospacer
AATCGACAGCCGTAAG-1,4.CRko.sg_hTNFRSF1A_3.TNFRSF1A
AATCGACCATAATGAG-1,1.CRko.sg_Neg_Control_Human_GA_0487.Neg_Control_Human
AATCGACGTAGTCGGA-1,4.CRko.sg_hSMPD1_3.SMPD1
AATCGACGTCACCTTC-1,No Protospacer
AATCGTGAGCACCTGC-1,No Protospacer
AATCGTGCAGATACTC-1,Multi Protospacers
AATGAAGGTTCAATCG-1,4.CRko.sg_hSMPD1_1.SMPD1
AATGAAGTCCTACTGC-1,Multi Protospacers
AATGAAGTCTGTCCCA-1,4.CRko.sg_hRELA_1.RELA
AATGACCGTCTTGAAC-1,1.CRko.sg_Neg_Control_Human_GA_0485.Neg_Control_Human
AATGCCAGTAGTTCCA-1,2.CRko.sg_hCHAT-INTRON_8.CHAT-INTRON
AATGGAAAGGGTGGGA-1,No Protospacer
AATGGAACACATGGTT-1,2.CRko.sg_hREEP5-INTRON_7.REEP5-INTRON
AATGGAAGTAGCGCTC-1,No Protospacer
AATGGAAGTGACCGTC-1,1.CRko.sg_Neg_Control_Human_GA_0499.Neg_Control_Human
AATGGAAGTGCTCGTG-1,4.CRko.sg_hCHUK_6.CHUK
AATGGAATCCAGTACA-1,4.CRko.sg_hCHUK_4.CHUK
AATGGCTCAAGCGCAA-1,1.CRko.sg_Neg_Control_Human_GA_0498.Neg_Control_Human
AATTCCTCAAGACGGT-1,1.CRko.sg_Neg_Control_Human_GA_0490.Neg_Control_Human
AATTTCCGTAAGATCA-1,No Protospacer
AATTTCCGTAGGTACG-1,No Protospacer
AATTTCCTCAGGTAAA-1,2.CRko.sg_hALAS1-INTRON_3.ALAS1-INTRON
ACAAAGAAGTACGTCT-1,No Protospacer
ACAAAGAGTAACCCTA-1,4.CRko.sg_hSMPD1_1.SMPD1
ACAAAGAGTACGAAAT-1,4.CRko.sg_hTNFRSF1A_7.TNFRSF1A
ACAAAGAGTGATCATC-1,Multi Protospacers
ACAACCAAGATGCTAA-1,1.CRko.sg_Neg_Control_Human_GA_0497.Neg_Control_Human
ACAACCAGTCAGTTTG-1,1.CRko.sg_Neg_Control_Human_GA_0499.Neg_Control_Human
ACAAGCTCAACTTGCA-1,4.CRko.sg_hIKBKG_1.IKBKG
ACACAGTGTAGAATAC-1,4.CRko.sg_hIKBKG_4.IKBKG
ACACCAACACTGGAAG-1,Multi Protospacers
ACACGCGAGTAAACGT-1,2.CRko.sg_hDMD-INTRON_6.DMD-INTRON
ACACGCGCACTTCTCG-1,No Protospacer
ACACGCGCAGAGTGTG-1,4.CRko.sg_hSMPD1_6.SMPD1
ACACTGATCCGTCACT-1,4.CRko.sg_hIKBKG_5.IKBKG
ACAGAAACACTGCGTG-1,4.CRko.sg_hTNFRSF1A_6.TNFRSF1A
ACAGAAATCCACCCTA-1,4.CRko.sg_hTNFRSF1A_1.TNFRSF1A
ACAGCCGAGTATTCCG-1,4.CRko.sg_hTAB1_2.TAB1
ACAGGGATCGAGAGAC-1,2.CRko.sg_hDMD-INTRON_5.DMD-INTRON
ACATCCCAGCGACTAG-1,Multi Protospacers
ACATCCCAGGTAGACC-1,2.CRko.sg_hALAS1-INTRON_8.ALAS1-INTRON
ACATCGAAGTCTCCTC-1,No Protospacer
ACATCGAGTAGTGGCA-1,4.CRko.sg_hTNFRSF1A_3.TNFRSF1A
ACATCGAGTCTATGAC-1,4.CRko.sg_hRELA_6.RELA
ACATGCAAGGACTAAT-1,1.CRko.sg_Neg_Control_Human_GA_0500.Neg_Control_Human
ACATGCAGTACAACGG-1,4.CRko.sg_hTNFRSF1A_5.TNFRSF1A
ACATGCAGTCGGTAAG-1,4.CRko.sg_hTAB1_2.TAB1
ACATGCATCTTTCAGT-1,4.CRko.sg_hRELA_5.RELA
ACATTTCAGAGAGCCT-1,4.CRko.sg_hACTG1_5.ACTG1
ACATTTCGTTTGTTCT-1,4.CRko.sg_hSMPD1_1.SMPD1
ACCAAACCATCGGCCA-1,Multi Protospacers
ACCAACAGTGTTCCTC-1,2.CRko.sg_hREEP5-INTRON_2.REEP5-INTRON
ACCACAAAGCCTGAGA-1,No Protospacer
ACCACAACAGTCGTTA-1,No Protospacer
ACCACAAGTCGAAACG-1,No Protospacer
ACCATTTTCCGATCTC-1,No Protospacer
ACCATTTTCTGAGGTT-1,2.CRko.sg_hALAS1-INTRON_5.ALAS1-INTRON
ACCCAAACAAGTACCT-1,4.CRko.sg_hRELA_7.RELA
ACCCAAAGTTCGGCTG-1,4.CRko.sg_hTNFRSF1A_8.TNFRSF1A
ACCCTCAAGAGTACCG-1,1.CRko.sg_Neg_Control_Human_GA_0493.Neg_Control_Human
ACCCTCAAGCGACTGA-1,2.CRko.sg_hREEP5-INTRON_1.REEP5-INTRON
ACCCTCACAAACTGCT-1,4.CRko.sg_hACTG1_6.ACTG1
ACCCTCATCGAGCTGC-1,4.CRko.sg_hCHUK_3.CHUK
ACCGTTCGTTGAAGTA-1,No Protospacer
ACCGTTCTCGTGGAAG-1,4.CRko.sg_hTNFRSF1A_1.TNFRSF1A
ACCTACCGTAACAAGT-1,4.CRko.sg_hACTG1_2.ACTG1
ACCTACCGTGGCTGAA-1,1.CRko.sg_Neg_Control_Human_GA_0486.Neg_Control_Human
ACCTACCTCTCCTGTG-1,4.CRko.sg_hIKBKG_3.IKBKG
ACCTGAAAGCCGCACT-1,1.CRko.sg_Neg_Control_Human_GA_0496.Neg_Control_Human
ACCTGAAGTCAAGCGA-1,4.CRko.sg_hTAB1_5.TAB1
ACCTGAATCTGCTGAA-1,4.CRko.sg_hACTG1_4.ACTG1
ACCTGTCAGCAGCGAT-1,2.CRko.sg_hCHAT-INTRON_8.CHAT-INTRON
ACCTGTCAGGGCGAAG-1,1.CRko.sg_Neg_Control_Human_GA_0499.Neg_Control_Human
ACGATCAGTTGCTCAA-1,1.CRko.sg_Neg_Control_Human_GA_0498.Neg_Control_Human
ACGATGTCACAACATC-1,4.CRko.sg_hCHUK_3.CHUK
ACGATGTGTTCGGCCA-1,4.CRko.sg_hSMPD1_5.SMPD1
ACGCACGGTCAGTCCG-1,4.CRko.sg_hTAB1_4.TAB1
ACGGAAGCAAGAGAGA-1,4.CRko.sg_hCHUK_7.CHUK
ACGGAAGCATATGAAG-1,2.CRko.sg_hDMD-INTRON_5.DMD-INTRON
ACGGGTCCAACGAGGT-1,1.CRko.sg_Neg_Control_Human_GA_0496.Neg_Control_Human
ACGGGTCTCATAGCAC-1,4.CRko.sg_hSMPD1_2.SMPD1
ACGGTCGAGGAAAGAC-1,4.CRko.sg_hTNFRSF1A_4.TNFRSF1A
ACGGTTAGTGTATTCG-1,No Protospacer
ACGGTTATCGAGTACT-1,4.CRko.sg_hTAB1_2.TAB1
ACGGTTATCGATAACC-1,No Protospacer
ACGTAACCACACGTGC-1,No Protospacer
ACGTAACGTCCAGCAC-1,2.CRko.sg_hCHAT-INTRON_6.CHAT-INTRON
ACGTAACTCCATATGG-1,2.CRko.sg_hDMD-INTRON_8.DMD-INTRON
ACGTAACTCTTCGACC-1,No Protospacer
ACGTAGTAGTAATACG-1,No Protospacer
ACGTCCTAGACCTCCG-1,Multi Protospacers
ACGTCCTGTTGACGGA-1,4.CRko.sg_hIKBKG_4.IKBKG
ACTACGACAAAGACTA-1,4.CRko.sg_hTAB1_1.TAB1
ACTACGAGTTAGTTCG-1,Multi Protospacers
ACTACGAGTTGGTGTT-1,No Protospacer
ACTACGATCTAATTCC-1,No Protospacer
ACTATCTAGGTTCTAC-1,No Protospacer
ACTATTCGTAATACCC-1,4.CRko.sg_hTAB1_2.TAB1
ACTCCCAAGGTCGTCC-1,No Protospacer
ACTCTCGAGTTCACTG-1,No Protospacer
ACTCTCGCACCGTGAC-1,2.CRko.sg_hDMD-INTRON_2.DMD-INTRON
ACTCTCGTCCTTATCA-1,No Protospacer
ACTGATGGTACGAAAT-1,4.CRko.sg_hACTG1_8.ACTG1
ACTGATGGTCCTCATC-1,4.CRko.sg_hACTG1_1.ACTG1
ACTGCAACAAATGCTC-1,4.CRko.sg_hIKBKG_1.IKBKG
ACTGCAACAAGTCATC-1,No Protospacer
ACTGCAAGTGCAGATG-1,1.CRko.sg_Neg_Control_Human_GA_0487.Neg_Control_Human
ACTGCAATCAAACGTC-1,No Protospacer
ACTGCAATCACTAGCA-1,No Protospacer
ACTGCAATCTGGCTGG-1,4.CRko.sg_hRELA_3.RELA
ACTGTCCAGAAGCGAA-1,No Protospacer
ACTGTCCGTGGTCTTA-1,2.CRko.sg_hCHAT-INTRON_1.CHAT-INTRON
ACTGTGAGTGAGTAGC-1,No Protospacer
ACTGTGATCGCCTAGG-1,No Protospacer
ACTTCCGGTGTCCATA-1,No Protospacer
ACTTCCGTCACATTGG-1,No Protospacer
ACTTCCGTCGTCCTTG-1,No Protospacer
ACTTTCAGTCCACGCA-1,1.CRko.sg_Neg_Control_Human_GA_0491.Neg_Control_Human
ACTTTGTCATTGACTG-1,2.CRko.sg_hDMD-INTRON_2.DMD-INTRON
ACTTTGTTCACCATCC-1,No Protospacer
AGAAATGAGAGCTGAC-1,1.CRko.sg_Neg_Control_Human_GA_0491.Neg_Control_Human
AGAAATGCAGATTCGT-1,4.CRko.sg_hIKBKG_8.IKBKG
AGAAATGTCCGAGAAG-1,4.CRko.sg_hTNFRSF1A_8.TNFRSF1A
AGAACAATCTCCTGCA-1,2.CRko.sg_hCHAT-INTRON_4.CHAT-INTRON
AGAAGCGAGCTCGTGC-1,1.CRko.sg_Neg_Control_Human_GA_0485.Neg_Control_Human
AGACAAACAAACTAGA-1,No Protospacer
AGACAAACATGTACGT-1,4.CRko.sg_hTNFRSF1A_8.TNFRSF1A
AGACACTTCTACACAG-1,No Protospacer
AGACAGGAGGGAGGTG-1,1.CRko.sg_Neg_Control_Human_GA_0486.Neg_Control_Human
AGACAGGAGTATGACA-1,4.CRko.sg_hCHUK_3.CHUK
AGACAGGCAACATCGT-1,No Protospacer
AGACAGGCAAGACAAT-1,2.CRko.sg_hREEP5-INTRON_2.REEP5-INTRON
AGACAGGCAGGCATTT-1,4.CRko.sg_hIKBKG_1.IKBKG
AGACCATTCCCGATCT-1,No Protospacer
AGACCCGAGCTTCTAG-1,2.CRko.sg_hCHAT-INTRON_4.CHAT-INTRON
AGACCCGGTTCCAAAC-1,4.CRko.sg_hSMPD1_4.SMPD1
AGACTCAAGTAGTCAA-1,4.CRko.sg_hTNFRSF1A_4.TNFRSF1A
AGACTCACAGTAGAAT-1,No Protospacer
AGAGAATGTAGCTGTT-1,2.CRko.sg_hREEP5-INTRON_5.REEP5-INTRON
AGAGAATGTCGGTAAG-1,1.CRko.sg_Neg_Control_Human_GA_0487.Neg_Control_Human
AGAGAGCAGCTGACCC-1,4.CRko.sg_hSMPD1_5.SMPD1
AGAGAGCCAACTTCTT-1,2.CRko.sg_hDMD-INTRON_8.DMD-INTRON
AGAGAGCTCTCAGAAC-1,1.CRko.sg_Neg_Control_Human_GA_0485.Neg_Control_Human
AGAGCCCCACTTCCTG-1,4.CRko.sg_hTAB1_7.TAB1
AGAGCCCCAGAGACTG-1,No Protospacer
AGAGCCCGTGTCCGTG-1,4.CRko.sg_hIKBKG_6.IKBKG
AGAGCCCTCATGCCGG-1,2.CRko.sg_hREEP5-INTRON_3.REEP5-INTRON
AGATAGAGTAGCGTTT-1,No Protospacer
AGATAGAGTTGGGACA-1,1.CRko.sg_Neg_Control_Human_GA_0490.Neg_Control_Human
AGATAGATCTTACGGA-1,2.CRko.sg_hALAS1-INTRON_5.ALAS1-INTRON
AGATCGTCAGAGGACT-1,4.CRko.sg_hRELA_7.RELA
AGATCGTGTCGACGCT-1,1.CRko.sg_Neg_Control_Human_GA_0489.Neg_Control_Human
AGATGCTAGGCATTTC-1,1.CRko.sg_Neg_Control_Human_GA_0489.Neg_Control_Human
AGATGCTCACGCCAGT-1,No Protospacer
AGATGCTGTGACTGAG-1,2.CRko.sg_hALAS1-INTRON_1.ALAS1-INTRON
AGATGCTGTGTCTTCC-1,4.CRko.sg_hSMPD1_3.SMPD1
AGCATCATCGCCCAGA-1,No Protospacer
AGCCAATAGAAACACT-1,4.CRko.sg_hCHUK_6.CHUK
AGCCACGAGTAACGAT-1,2.CRko.sg_hCHAT-INTRON_3.CHAT-INTRON
AGCCACGAGTCTTCGA-1,4.CRko.sg_hRELA_5.RELA
AGCCACGTCAGCTCTC-1,4.CRko.sg_hCHUK_5.CHUK
AGCCAGCAGCGACAGT-1,Multi Protospacers
AGCGATTAGTCGCGAA-1,2.CRko.sg_hCHAT-INTRON_5.CHAT-INTRON
AGCGATTAGTGTTGAA-1,4.CRko.sg_hTNFRSF1A_5.TNFRSF1A
AGCGCCAAGAATTTGG-1,No Protospacer
AGCGCCAAGCCAAGCA-1,1.CRko.sg_Neg_Control_Human_GA_0498.Neg_Control_Human
AGCGCCATCTGTCGCT-1,4.CRko.sg_hRELA_8.RELA
AGCGCTGAGAGAGTGA-1,No Protospacer
AGCGCTGAGAGCAGCT-1,2.CRko.sg_hREEP5-INTRON_3.REEP5-INTRON
AGCGCTGGTAGTCACT-1,4.CRko.sg_hRELA_6.RELA
AGCGTATTCCGTTGAA-1,Multi Protospacers
AGCGTCGCATATCTGG-1,2.CRko.sg_hCHAT-INTRON_8.CHAT-INTRON
AGCTACAAGAGGTGCT-1,1.CRko.sg_Neg_Control_Human_GA_0489.Neg_Control_Human
AGCTACAAGTGTCATC-1,4.CRko.sg_hIKBKG_2.IKBKG
AGCTACACACATCATG-1,2.CRko.sg_hALAS1-INTRON_3.ALAS1-INTRON
AGCTACACAGGTGTGA-1,4.CRko.sg_hTNFRSF1A_3.TNFRSF1A
AGCTACACAGTCTTCC-1,Multi Protospacers
AGCTCAACATGAATAG-1,No Protospacer
AGCTTCCAGGTAGGCT-1,Multi Protospacers
AGCTTCCTCTATCGGA-1,1.CRko.sg_Neg_Control_Human_GA_0498.Neg_Control_Human
AGGAAATAGGGCAATC-1,4.CRko.sg_hTNFRSF1A_3.TNFRSF1A
AGGAAATGTCATACCA-1,2.CRko.sg_hCHAT-INTRON_1.CHAT-INTRON
AGGAAATTCCCGAGAC-1,4.CRko.sg_hIKBKG_4.IKBKG
AGGAAATTCTCGTCGT-1,4.CRko.sg_hSMPD1_1.SMPD1
AGGAATAAGGAATGTT-1,4.CRko.sg_hIKBKG_8.IKBKG
AGGAATACACCGTCTT-1,4.CRko.sg_hTNFRSF1A_4.TNFRSF1A
AGGACGACACTCATAG-1,1.CRko.sg_Neg_Control_Human_GA_0497.Neg_Control_Human
AGGACTTCAACTCATG-1,2.CRko.sg_hCHAT-INTRON_2.CHAT-INTRON
AGGACTTCAGCCCAGT-1,1.CRko.sg_Neg_Control_Human_GA_0489.Neg_Control_Human
AGGACTTCATTCTTCA-1,No Protospacer
AGGATAACAGTCCCGA-1,1.CRko.sg_Neg_Control_Human_GA_0495.Neg_Control_Human
AGGCATTCAGTCTTCC-1,No Protospacer
AGGCTGCCAGAGACTG-1,No Protospacer
AGGCTGCCAGGTTCCG-1,4.CRko.sg_hCHUK_2.CHUK
AGGCTGCGTGGAGAAA-1,Multi Protospacers
AGGCTGCGTTCCACGG-1,4.CRko.sg_hIKBKG_3.IKBKG
AGGCTGCGTTCCAGGC-1,4.CRko.sg_hTAB1_1.TAB1
AGGGAGTCATGAATAG-1,1.CRko.sg_Neg_Control_Human_GA_0485.Neg_Control_Human
AGGGAGTGTGCTCTCT-1,1.CRko.sg_Neg_Control_Human_GA_0499.Neg_Control_Human
AGGGAGTTCGTGCAGC-1,4.CRko.sg_hTNFRSF1A_7.TNFRSF1A
AGGGAGTTCTCCGTGT-1,No Protospacer
AGGGCCTGTACGATGG-1,4.CRko.sg_hTNFRSF1A_5.TNFRSF1A
AGGGCTCCAACACTAC-1,1.CRko.sg_Neg_Control_Human_GA_0499.Neg_Control_Human
AGGGCTCGTTCTCTCG-1,Multi Protospacers
AGGGCTCTCACGGTCG-1,No Protospacer
AGGGTTTAGACTCCGC-1,1.CRko.sg_Neg_Control_Human_GA_0490.Neg_Control_Human
AGGTAGGAGGAACTAT-1,1.CRko.sg_Neg_Control_Human_GA_0491.Neg_Control_Human
AGGTCATAGTAGTGCG-1,No Protospacer
AGGTCATCAATTGAAG-1,2.CRko.sg_hALAS1-INTRON_4.ALAS1-INTRON
AGGTCATCACCAAATC-1,2.CRko.sg_hREEP5-INTRON_7.REEP5-INTRON
AGGTCATCACGTAGAG-1,4.CRko.sg_hIKBKG_8.IKBKG
AGGTCATCAGACGATG-1,2.CRko.sg_hCHAT-INTRON_8.CHAT-INTRON
AGGTCATCATCAGCTA-1,Multi Protospacers
AGGTCTACAGACATCT-1,4.CRko.sg_hACTG1_3.ACTG1
AGGTCTAGTTGCATGT-1,No Protospacer
AGGTTACGTTGAGTCT-1,No Protospacer
AGGTTGTAGGTGATCG-1,2.CRko.sg_hREEP5-INTRON_6.REEP5-INTRON
AGTAACCGTAATGATG-1,4.CRko.sg_hACTG1_2.ACTG1
AGTACCAAGTGGACTG-1,No Protospacer
AGTACTGCACCTATCC-1,No Protospacer
AGTACTGGTCTGTGTA-1,Multi Protospacers
AGTACTGTCAATCCAG-1,No Protospacer
AGTAGCTCAATTGCGT-1,1.CRko.sg_Neg_Control_Human_GA_0495.Neg_Control_Human
AGTAGCTGTGGATTTC-1,No Protospacer
AGTAGTCAGCAGGCAT-1,Multi Protospacers
AGTAGTCTCCTGGGAC-1,1.CRko.sg_Neg_Control_Human_GA_0500.Neg_Control_Human
AGTAGTCTCTGTCAGA-1,Multi Protospacers
AGTCAACGTACTCCGG-1,2.CRko.sg_hCHAT-INTRON_1.CHAT-INTRON
AGTCAACGTTCCCAAA-1,4.CRko.sg_hRELA_2.RELA
AGTCAACTCGGTAAGG-1,4.CRko.sg_hCHUK_5.CHUK
AGTCACAGTCACCGAC-1,No Protospacer
AGTCTCCAGGCGTTGA-1,No Protospacer
AGTCTCCGTTGGTACT-1,4.CRko.sg_hSMPD1_5.SMPD1
AGTCTCCTCTACTCAT-1,No Protospacer
AGTGACTGTCTCGGAC-1,Multi Protospacers
AGTGATCAGGGATGTC-1,1.CRko.sg_Neg_Control_Human_GA_0487.Neg_Control_Human
AGTGCCGAGAACGCGT-1,4.CRko.sg_hTAB1_8.TAB1
AGTGCCGGTGGCGTAA-1,2.CRko.sg_hALAS1-INTRON_7.ALAS1-INTRON
AGTGTTGAGTGCAAAT-1,4.CRko.sg_hSMPD1_2.SMPD1
AGTGTTGGTACGAGCA-1,4.CRko.sg_hCHUK_3.CHUK
AGTTAGCAGTCATGGG-1,2.CRko.sg_hCHAT-INTRON_3.CHAT-INTRON
AGTTCCCCAACATCGT-1,No Protospacer
AGTTCGAGTCCGTTTC-1,No Protospacer
AGTTCGAGTCTTCAAG-1,Multi Protospacers
AGTTCGATCTTTCCAA-1,1.CRko.sg_Neg_Control_Human_GA_0487.Neg_Control_Human
ATACCGAGTTCCCACT-1,4.CRko.sg_hTAB1_8.TAB1
ATACCTTCATCAGCGC-1,2.CRko.sg_hREEP5-INTRON_8.REEP5-INTRON
ATACCTTGTTACCCTC-1,Multi Protospacers
ATACCTTTCTCTATGT-1,Multi Protospacers
ATACTTCCAGAAGTGC-1,1.CRko.sg_Neg_Control_Human_GA_0489.Neg_Control_Human
ATACTTCGTACAAACA-1,No Protospacer
ATAGACCGTTCTGAGT-1,4.CRko.sg_hACTG1_7.ACTG1
ATAGACCGTTGCTCCT-1,1.CRko.sg_Neg_Control_Human_GA_0490.Neg_Control_Human
ATAGACCTCGAGTCCG-1,2.CRko.sg_hALAS1-INTRON_1.ALAS1-INTRON
ATAGAGACATTCACAG-1,No Protospacer
ATATCCTAGTCACAGG-1,4.CRko.sg_hSMPD1_3.SMPD1
ATCACAGAGACATGCG-1,1.CRko.sg_Neg_Control_Human_GA_0487.Neg_Control_Human
ATCACTTCAACGTAAA-1,1.CRko.sg_Neg_Control_Human_GA_0495.Neg_Control_Human
ATCACTTCACAACCGC-1,1.CRko.sg_Neg_Control_Human_GA_0492.Neg_Control_Human
ATCACTTGTACTCGAT-1,4.CRko.sg_hTNFRSF1A_6.TNFRSF1A
ATCAGGTAGCACAAAT-1,No Protospacer
ATCCCTGTCGGTGTAT-1,1.CRko.sg_Neg_Control_Human_GA_0492.Neg_Control_Human
ATCCGTCAGGTTCTAC-1,2.CRko.sg_hDMD-INTRON_6.DMD-INTRON
ATCCGTCCAAGAGGTC-1,4.CRko.sg_hRELA_6.RELA
ATCCTATAGTAGACCG-1,Multi Protospacers
ATCCTATCATCCTAAG-1,No Protospacer
ATCGATGGTTGTGCAT-1,2.CRko.sg_hALAS1-INTRON_4.ALAS1-INTRON
ATCGCCTCAGTTGCGC-1,2.CRko.sg_hREEP5-INTRON_1.REEP5-INTRON
ATCGGATAGAAGCGCT-1,4.CRko.sg_hCHUK_3.CHUK
ATCGGATCACGTTCGG-1,2.CRko.sg_hALAS1-INTRON_8.ALAS1-INTRON
ATCGGATTCCAGTGTA-1,4.CRko.sg_hIKBKG_4.IKBKG
ATCGTAGAGTGGATTA-1,1.CRko.sg_Neg_Control_Human_GA_0500.Neg_Control_Human
ATCGTCCAGGCTGTAG-1,No Protospacer
ATCTCTACACCACATA-1,1.CRko.sg_Neg_Control_Human_GA_0496.Neg_Control_Human
ATCTCTACATAATCGC-1,4.CRko.sg_hIKBKG_1.IKBKG
ATGAAAGAGGACGCAT-1,1.CRko.sg_Neg_Control_Human_GA_0490.Neg_Control_Human
ATGAAAGTCCCTAGGG-1,4.CRko.sg_hTNFRSF1A_1.TNFRSF1A
ATGAGGGGTCACCTTC-1,2.CRko.sg_hREEP5-INTRON_6.REEP5-INTRON
ATGAGTCCAGGGTTGA-1,1.CRko.sg_Neg_Control_Human_GA_0485.Neg_Control_Human
ATGCCTCGTCACTAGT-1,4.CRko.sg_hTNFRSF1A_5.TNFRSF1A
ATGCCTCTCATCGCCT-1,4.CRko.sg_hCHUK_1.CHUK
ATGGAGGTCGGAGCAA-1,Multi Protospacers
ATGGGAGGTCAAGTTC-1,2.CRko.sg_hCHAT-INTRON_4.CHAT-INTRON
ATGGGTTCATCCGCGA-1,1.CRko.sg_Neg_Control_Human_GA_0491.Neg_Control_Human
ATGGGTTCATCGCTGG-1,Multi Protospacers
ATGGTTGTCGGCTGAC-1,No Protospacer
ATGTCCCAGATCCAAA-1,4.CRko.sg_hTNFRSF1A_2.TNFRSF1A
ATGTCCCAGCTACGTT-1,1.CRko.sg_Neg_Control_Human_GA_0490.Neg_Control_Human
ATGTCTTGTTTACCTT-1,Multi Protospacers
ATTACCTAGACGACGT-1,4.CRko.sg_hTNFRSF1A_1.TNFRSF1A
ATTACTCAGGACAGCT-1,2.CRko.sg_hDMD-INTRON_5.DMD-INTRON
ATTACTCCACTCCTTG-1,2.CRko.sg_hREEP5-INTRON_7.REEP5-INTRON
ATTACTCGTCCCTGAG-1,1.CRko.sg_Neg_Control_Human_GA_0494.Neg_Control_Human
ATTATCCTCAGCCCAG-1,Multi Protospacers
ATTCACTCAAATGAAC-1,No Protospacer
ATTCAGGGTGTGGTCC-1,4.CRko.sg_hIKBKG_5.IKBKG
ATTCAGGTCAGACCGC-1,4.CRko.sg_hIKBKG_8.IKBKG
ATTCATCCAGTCGTTA-1,4.CRko.sg_hTAB1_3.TAB1
ATTCCCGAGAGGATGA-1,4.CRko.sg_hRELA_4.RELA
ATTCCCGCAATGTGGG-1,No Protospacer
ATTCCCGCAGCTCCTT-1,No Protospacer
ATTCCCGTCGGACCAC-1,Multi Protospacers
ATTCGTTCAGGTAGTG-1,No Protospacer
ATTCGTTGTCCATACA-1,2.CRko.sg_hALAS1-INTRON_8.ALAS1-INTRON
ATTCGTTGTCGAGTGA-1,4.CRko.sg_hRELA_3.RELA
ATTCGTTGTTCCTAGA-1,4.CRko.sg_hTNFRSF1A_7.TNFRSF1A
ATTCGTTTCTGTCAGA-1,1.CRko.sg_Neg_Control_Human_GA_0490.Neg_Control_Human
ATTCTACAGCCTGTGC-1,No Protospacer
ATTCTACAGCTCCACG-1,1.CRko.sg_Neg_Control_Human_GA_0488.Neg_Control_Human
ATTCTTGCATCTCAAG-1,No Protospacer
ATTCTTGGTCTCAGGC-1,No Protospacer
ATTGTTCCAAGTGCTT-1,No Protospacer
ATTGTTCGTACCCGCA-1,Multi Protospacers
ATTGTTCTCCTTCGAC-1,No Protospacer
ATTTACCGTCGTTTCC-1,4.CRko.sg_hTAB1_3.TAB1
ATTTACCGTGACTCGC-1,No Protospacer
ATTTCACTCATGCAGT-1,1.CRko.sg_Neg_Control_Human_GA_0488.Neg_Control_Human
ATTTCTGCACTGGATT-1,2.CRko.sg_hCHAT-INTRON_8.CHAT-INTRON
ATTTCTGGTAAGGCTG-1,1.CRko.sg_Neg_Control_Human_GA_0499.Neg_Control_Human
ATTTCTGGTTAATCGC-1,Multi Protospacers
CAAAGAACACAGACGA-1,2.CRko.sg_hDMD-INTRON_4.DMD-INTRON
CAAAGAACATGGCCCA-1,4.CRko.sg_hSMPD1_2.SMPD1
CAAAGAAGTCGTGGTC-1,2.CRko.sg_hDMD-INTRON_3.DMD-INTRON
CAACAACGTCTTCAAG-1,No Protospacer
CAACAGTGTAGCTTAC-1,1.CRko.sg_Neg_Control_Human_GA_0486.Neg_Control_Human
CAACCAACATAGAGGC-1,No Protospacer
CAACCAATCCTCTTTC-1,2.CRko.sg_hREEP5-INTRON_1.REEP5-INTRON
CAACCTCAGTCACTCA-1,4.CRko.sg_hACTG1_4.ACTG1
CAACCTCAGTCATGGG-1,1.CRko.sg_Neg_Control_Human_GA_0498.Neg_Control_Human
CAACCTCCACAATGCT-1,2.CRko.sg_hREEP5-INTRON_8.REEP5-INTRON
CAACCTCGTCGTGTTA-1,4.CRko.sg_hIKBKG_1.IKBKG
CAACGGCAGGTCATAA-1,1.CRko.sg_Neg_Control_Human_GA_0494.Neg_Control_Human
CAACGGCCATCATTGG-1,4.CRko.sg_hSMPD1_1.SMPD1
CAAGACTAGAGGTTAT-1,2.CRko.sg_hDMD-INTRON_1.DMD-INTRON
CAAGACTTCGAGTCTA-1,1.CRko.sg_Neg_Control_Human_GA_0497.Neg_Control_Human
CAAGAGGGTCGCTTGG-1,No Protospacer
CAAGCTACAGAATCGG-1,4.CRko.sg_hACTG1_2.ACTG1
CAAGCTAGTATGCGGA-1,No Protospacer
CAAGCTAGTGGATCGA-1,1.CRko.sg_Neg_Control_Human_GA_0495.Neg_Control_Human
CAAGCTAGTTAAGCAA-1,4.CRko.sg_hCHUK_7.CHUK
CAAGGGAGTGGCCCAT-1,1.CRko.sg_Neg_Control_Human_GA_0498.Neg_Control_Human
CAAGGGATCCGTCAAA-1,4.CRko.sg_hTNFRSF1A_8.TNFRSF1A
CAATACGGTATCCCTC-1,4.CRko.sg_hIKBKG_1.IKBKG
CAATCGACAGACCCGT-1,4.CRko.sg_hRELA_3.RELA
CAATGACTCGTTGTTT-1,2.CRko.sg_hCHAT-INTRON_5.CHAT-INTRON
CAATTTCAGACTCTAC-1,4.CRko.sg_hTNFRSF1A_5.TNFRSF1A
CACAACACAGCTGAGA-1,2.CRko.sg_hCHAT-INTRON_5.CHAT-INTRON
CACAACATCCTACAAG-1,4.CRko.sg_hCHUK_1.CHUK
CACAACATCGAGAGCA-1,4.CRko.sg_hTAB1_7.TAB1
CACACAAAGTAGGATT-1,2.CRko.sg_hDMD-INTRON_8.DMD-INTRON
CACACAACACCCATAA-1,2.CRko.sg_hALAS1-INTRON_5.ALAS1-INTRON
CACAGATCACGTATAC-1,1.CRko.sg_Neg_Control_Human_GA_0498.Neg_Control_Human
CACAGGCAGGCACTAG-1,4.CRko.sg_hIKBKG_1.IKBKG
CACAGGCGTAGCTTTG-1,4.CRko.sg_hIKBKG_2.IKBKG
CACAGGCGTTAAGGGC-1,No Protospacer
CACAGGCTCCGCACGA-1,4.CRko.sg_hRELA_3.RELA
CACATGAAGATTACCC-1,Multi Protospacers
CACATGAAGGTGATAT-1,1.CRko.sg_Neg_Control_Human_GA_0490.Neg_Control_Human
CACATGAAGGTTACAA-1,4.CRko.sg_hCHUK_5.CHUK
CACCAAAGTATAGGAT-1,4.CRko.sg_hSMPD1_4.SMPD1
CACCAAATCAGGTGTT-1,4.CRko.sg_hTNFRSF1A_8.TNFRSF1A
CACGAATTCAAGAGTA-1,2.CRko.sg_hREEP5-INTRON_2.REEP5-INTRON
CACGGGTTCGGAGTAG-1,No Protospacer
CACGTGGCAAACGAGC-1,2.CRko.sg_hALAS1-INTRON_5.ALAS1-INTRON
CACGTGGTCTGCTAGA-1,2.CRko.sg_hALAS1-INTRON_4.ALAS1-INTRON
CACGTTCTCGGAATGG-1,No Protospacer
CACTAAGCACGCGGTT-1,No Protospacer
CACTAAGTCGCGCCAA-1,No Protospacer
CACTGAAAGACGCAGT-1,4.CRko.sg_hTNFRSF1A_1.TNFRSF1A
CACTGAAAGTTTGGCT-1,4.CRko.sg_hIKBKG_2.IKBKG
CACTGAATCGTCAACA-1,1.CRko.sg_Neg_Control_Human_GA_0485.Neg_Control_Human
CACTGGGTCGACGACC-1,4.CRko.sg_hCHUK_7.CHUK
CACTGTCAGGATTTGA-1,1.CRko.sg_Neg_Control_Human_GA_0498.Neg_Control_Human
CACTGTCGTACACGCC-1,1.CRko.sg_Neg_Control_Human_GA_0491.Neg_Control_Human
CACTTCGCAACGTATC-1,4.CRko.sg_hTAB1_2.TAB1
CACTTCGTCCAAGAGG-1,No Protospacer
CAGATACTCTCACTCG-1,4.CRko.sg_hTAB1_1.TAB1
CAGATCATCTTCTAAC-1,1.CRko.sg_Neg_Control_Human_GA_0497.Neg_Control_Human
CAGATTGGTTTGATCG-1,Multi Protospacers
CAGCAATCACCAGACC-1,2.CRko.sg_hALAS1-INTRON_3.ALAS1-INTRON
CAGCAATCATATGCGT-1,Multi Protospacers
CAGCAATTCAATGCAC-1,Multi Protospacers
CAGCAATTCTTGAGCA-1,No Protospacer
CAGCACGAGCAATAGT-1,4.CRko.sg_hCHUK_5.CHUK
CAGCACGTCTAGAACC-1,4.CRko.sg_hRELA_3.RELA
CAGCAGCCAGAGACTG-1,4.CRko.sg_hSMPD1_7.SMPD1
CAGCAGCTCGTAGGAG-1,1.CRko.sg_Neg_Control_Human_GA_0499.Neg_Control_Human
CAGCCAGGTCTCTCAC-1,2.CRko.sg_hDMD-INTRON_5.DMD-INTRON
CAGCCAGGTGAATAAC-1,No Protospacer
CAGCCAGTCAACCGAT-1,Multi Protospacers
CAGCCAGTCCAATCTT-1,4.CRko.sg_hTAB1_5.TAB1
CAGCGTGAGGAGTCTG-1,4.CRko.sg_hIKBKG_8.IKBKG
CAGCGTGCACATTCGA-1,4.CRko.sg_hTAB1_3.TAB1
CAGCGTGGTTTGATCG-1,No Protospacer
CAGCGTGTCCTACGGG-1,1.CRko.sg_Neg_Control_Human_GA_0500.Neg_Control_Human
CAGGGCTCAATGGCCC-1,2.CRko.sg_hDMD-INTRON_8.DMD-INTRON
CAGGGCTCAGTGTGCC-1,4.CRko.sg_hTAB1_3.TAB1
CAGGGCTCATTGGATC-1,2.CRko.sg_hALAS1-INTRON_1.ALAS1-INTRON
CAGGGCTGTCATAAAG-1,2.CRko.sg_hCHAT-INTRON_5.CHAT-INTRON
CAGGTATCAGGTCTCG-1,No Protospacer
CAGGTATTCCGTGTCT-1,No Protospacer
CAGTGCGGTCTGTCAA-1,1.CRko.sg_Neg_Control_Human_GA_0491.Neg_Control_Human
CAGTTAGCAAGAATAC-1,No Protospacer
CAGTTAGCAGGTCCCA-1,No Protospacer
CAGTTCCCATGGCTAT-1,No Protospacer
CAGTTCCGTAACAGTA-1,1.CRko.sg_Neg_Control_Human_GA_0487.Neg_Control_Human
CAGTTCCTCTACTGCC-1,4.CRko.sg_hSMPD1_2.SMPD1
CATAAGCCAAGGACAC-1,4.CRko.sg_hTAB1_8.TAB1
CATAAGCGTGACACGA-1,2.CRko.sg_hREEP5-INTRON_3.REEP5-INTRON
CATACAGCACGTACAT-1,No Protospacer
CATACAGTCGCCAACG-1,No Protospacer
CATACCCAGCTATCTG-1,4.CRko.sg_hSMPD1_7.SMPD1
CATACCCAGCTGTCCG-1,No Protospacer
CATACCCTCCTCTCTT-1,4.CRko.sg_hTAB1_8.TAB1
CATACTTAGAGCCCAA-1,1.CRko.sg_Neg_Control_Human_GA_0488.Neg_Control_Human
CATACTTGTCCACTTC-1,1.CRko.sg_Neg_Control_Human_GA_0499.Neg_Control_Human
CATACTTGTGTTCGAT-1,4.CRko.sg_hSMPD1_5.SMPD1
CATACTTGTTAAGCAA-1,2.CRko.sg_hDMD-INTRON_7.DMD-INTRON
CATAGACAGCAAATGT-1,No Protospacer
CATAGACAGTCATACC-1,1.CRko.sg_Neg_Control_Human_GA_0495.Neg_Control_Human
CATAGACTCTGAGGTT-1,4.CRko.sg_hCHUK_8.CHUK
CATAGACTCTTCGCTG-1,No Protospacer
CATCAAGGTCGTCATA-1,No Protospacer
CATCAAGGTCTTGTCC-1,No Protospacer
CATCAAGGTGCACGCT-1,No Protospacer
CATCCACTCAATCCGA-1,4.CRko.sg_hIKBKG_3.IKBKG
CATCCACTCCGCGGAT-1,1.CRko.sg_Neg_Control_Human_GA_0485.Neg_Control_Human
CATCCACTCTTAAGGC-1,4.CRko.sg_hTAB1_2.TAB1
CATCCCACACGGCTAC-1,1.CRko.sg_Neg_Control_Human_GA_0499.Neg_Control_Human
CATCCCATCAAGAATG-1,4.CRko.sg_hACTG1_5.ACTG1
CATCCGTAGCTTTCCC-1,No Protospacer
CATCCGTAGGACTATA-1,2.CRko.sg_hALAS1-INTRON_3.ALAS1-INTRON
CATCCGTAGGGTAGCT-1,2.CRko.sg_hCHAT-INTRON_3.CHAT-INTRON
CATCCGTGTTCGGTCG-1,No Protospacer
CATCCGTTCTGGACTA-1,Multi Protospacers
CATCGCTAGACTTGTC-1,No Protospacer
CATCGCTCAGGTTACT-1,1.CRko.sg_Neg_Control_Human_GA_0487.Neg_Control_Human
CATCGCTCATTGTAGC-1,2.CRko.sg_hCHAT-INTRON_5.CHAT-INTRON
CATCGGGAGCACTCAT-1,No Protospacer
CATCGTCAGCAAATCA-1,1.CRko.sg_Neg_Control_Human_GA_0496.Neg_Control_Human
CATCGTCAGGCCATAG-1,No Protospacer
CATCGTCCATATGCGT-1,1.CRko.sg_Neg_Control_Human_GA_0499.Neg_Control_Human
CATGAGTCACGTCGGT-1,4.CRko.sg_hRELA_7.RELA
CATGAGTGTGAGATCG-1,2.CRko.sg_hCHAT-INTRON_2.CHAT-INTRON
CATGAGTTCCAGTGTA-1,Multi Protospacers
CATGCAACATAATGCC-1,Multi Protospacers
CATGCAAGTGTCCAAT-1,4.CRko.sg_hRELA_6.RELA
CATGCCTGTACCGCGT-1,2.CRko.sg_hREEP5-INTRON_6.REEP5-INTRON
CATGCGGAGCCAAGGT-1,Multi Protospacers
CATGCGGCAACGAGGT-1,No Protospacer
CATGCGGCAGCACAGA-1,4.CRko.sg_hTNFRSF1A_2.TNFRSF1A
CATGCGGCATGGTACT-1,4.CRko.sg_hCHUK_8.CHUK
CATGCTCAGCAGAAAG-1,No Protospacer
CATGGATAGGATGCGT-1,No Protospacer
CATGGATTCGGAATGG-1,4.CRko.sg_hTNFRSF1A_1.TNFRSF1A
CATGGTATCGTAGCTA-1,2.CRko.sg_hCHAT-INTRON_3.CHAT-INTRON
CATTCATAGGAGTACC-1,4.CRko.sg_hSMPD1_6.SMPD1
CATTCATAGGGCTAAC-1,No Protospacer
CATTCCGAGGGCAAGG-1,1.CRko.sg_Neg_Control_Human_GA_0493.Neg_Control_Human
CATTCCGTCCCTTGTG-1,2.CRko.sg_hREEP5-INTRON_2.REEP5-INTRON
CATTCTAAGAGCTGCA-1,4.CRko.sg_hRELA_3.RELA
CATTCTACAACAGCCC-1,4.CRko.sg_hACTG1_2.ACTG1
CATTCTAGTACTCCCT-1,No Protospacer
CATTGAGAGGCTATCT-1,1.CRko.sg_Neg_Control_Human_GA_0492.Neg_Control_Human
CATTGCCAGTAGGCCA-1,Multi Protospacers
CATTGTTCACAGTGTT-1,4.CRko.sg_hRELA_7.RELA
CATTGTTCATGACACT-1,2.CRko.sg_hALAS1-INTRON_3.ALAS1-INTRON
CATTTCACAGGCACAA-1,2.CRko.sg_hCHAT-INTRON_7.CHAT-INTRON
CATTTCATCACCTCTG-1,4.CRko.sg_hACTG1_5.ACTG1
CATTTCATCTCGACCT-1,1.CRko.sg_Neg_Control_Human_GA_0490.Neg_Control_Human
CCAAGCGAGCGCCTAC-1,No Protospacer
CCAAGCGCAAGCTGCC-1,4.CRko.sg_hTAB1_5.TAB1
CCAAGCGCAAGTGTCT-1,1.CRko.sg_Neg_Control_Human_GA_0495.Neg_Control_Human
CCAATGACAGCTCATA-1,1.CRko.sg_Neg_Control_Human_GA_0499.Neg_Control_Human
CCAATGATCAAGAATG-1,Multi Protospacers
CCAATGATCATCGCTC-1,No Protospacer
CCAATTTAGTCGGCAA-1,1.CRko.sg_Neg_Control_Human_GA_0485.Neg_Control_Human
CCAATTTTCCGTGGTG-1,4.CRko.sg_hRELA_1.RELA
CCACAAATCACCTGGG-1,4.CRko.sg_hTNFRSF1A_5.TNFRSF1A
CCACAAATCAGCACCG-1,2.CRko.sg_hCHAT-INTRON_2.CHAT-INTRON
CCACACTTCATCGCAA-1,No Protospacer
CCACACTTCGACATCA-1,1.CRko.sg_Neg_Control_Human_GA_0488.Neg_Control_Human
CCACGAGAGGCGAAGG-1,No Protospacer
CCACGAGCAACGGGTA-1,4.CRko.sg_hRELA_7.RELA
CCACGTTAGCCTCATA-1,1.CRko.sg_Neg_Control_Human_GA_0500.Neg_Control_Human
CCACGTTAGTAGGCCA-1,No Protospacer
CCACGTTAGTTGCCTA-1,4.CRko.sg_hIKBKG_6.IKBKG
CCACGTTTCTCATTGT-1,4.CRko.sg_hTNFRSF1A_5.TNFRSF1A
CCACGTTTCTCCGCAT-1,4.CRko.sg_hTNFRSF1A_4.TNFRSF1A
CCACTTGAGGATTACA-1,No Protospacer
CCACTTGTCGGCATCG-1,Multi Protospacers
CCATCACCATATCTGG-1,Multi Protospacers
CCATCACTCAGCAATC-1,No Protospacer
CCCAACTAGACATCCT-1,No Protospacer
CCCAACTGTGACACAG-1,4.CRko.sg_hCHUK_1.CHUK
CCCATTGGTCGTTCAA-1,2.CRko.sg_hDMD-INTRON_8.DMD-INTRON
CCCATTGTCATTACGG-1,No Protospacer
CCCGAAGAGCCTGAAG-1,2.CRko.sg_hALAS1-INTRON_6.ALAS1-INTRON
CCCGAAGCACTGTCCT-1,2.CRko.sg_hREEP5-INTRON_2.REEP5-INTRON
CCCGAAGGTCGAGCTC-1,4.CRko.sg_hTNFRSF1A_4.TNFRSF1A
CCCGAAGTCTAGACCA-1,2.CRko.sg_hCHAT-INTRON_7.CHAT-INTRON
CCCTAACGTCATCGGC-1,2.CRko.sg_hALAS1-INTRON_6.ALAS1-INTRON
CCCTCTCAGCCGGAAT-1,4.CRko.sg_hCHUK_4.CHUK
CCCTGATAGGTACCTT-1,4.CRko.sg_hSMPD1_3.SMPD1
CCCTTAGCAACGACTT-1,No Protospacer
CCCTTAGTCATGTCAG-1,No Protospacer
CCGAACGTCTATCGCC-1,4.CRko.sg_hSMPD1_8.SMPD1
CCGATCTAGTCTCTGA-1,No Protospacer
CCGATCTGTGTGAATA-1,Multi Protospacers
CCGATGGAGAATGTTG-1,Multi Protospacers
CCGATGGGTGAATGTA-1,1.CRko.sg_Neg_Control_Human_GA_0497.Neg_Control_Human
CCGATGGGTTATGGTC-1,2.CRko.sg_hCHAT-INTRON_1.CHAT-INTRON
CCGCAAGTCTCGCCTA-1,4.CRko.sg_hTAB1_4.TAB1
CCGGGTAAGGCTGTAG-1,No Protospacer
CCGGGTAGTCACGACC-1,2.CRko.sg_hDMD-INTRON_3.DMD-INTRON
CCGGTAGAGGACAACC-1,4.CRko.sg_hTAB1_4.TAB1
CCGGTAGTCATTCACT-1,4.CRko.sg_hCHUK_8.CHUK
CCGGTGAGTCGCATTA-1,Multi Protospacers
CCGTGAGCAAGTATAG-1,Multi Protospacers
CCGTGAGCATAGAATG-1,1.CRko.sg_Neg_Control_Human_GA_0500.Neg_Control_Human
CCGTGAGGTCGTCAGC-1,4.CRko.sg_hTNFRSF1A_7.TNFRSF1A
CCGTGAGGTTAGGGAC-1,No Protospacer
CCGTTCAGTTCCGCTT-1,No Protospacer
CCGTTCAGTTGCATAC-1,No Protospacer
CCGTTCATCCTGTTGC-1,No Protospacer
CCGTTCATCGCTGTCT-1,No Protospacer
CCTAACCCAGTCGGAA-1,4.CRko.sg_hRELA_7.RELA
CCTAACCGTCAGTCGC-1,Multi Protospacers
CCTAACCGTCTAGTGT-1,4.CRko.sg_hCHUK_3.CHUK
CCTAACCTCCCAGCGA-1,No Protospacer
CCTAAGAAGTAGGTTA-1,4.CRko.sg_hCHUK_4.CHUK
CCTAAGAGTAACCCTA-1,4.CRko.sg_hSMPD1_4.SMPD1
CCTAAGAGTGAGCCAA-1,No Protospacer
CCTATCGAGTACGTCT-1,4.CRko.sg_hSMPD1_7.SMPD1
CCTATCGGTACTAAGA-1,No Protospacer
CCTATCGTCATAGAGA-1,2.CRko.sg_hCHAT-INTRON_7.CHAT-INTRON
CCTCAACAGCAGTAAT-1,2.CRko.sg_hCHAT-INTRON_8.CHAT-INTRON
CCTCAACAGTGCTCGC-1,4.CRko.sg_hTAB1_7.TAB1
CCTCAACCATATGCGT-1,4.CRko.sg_hRELA_3.RELA
CCTCAACTCACCTGTC-1,4.CRko.sg_hCHUK_8.CHUK
CCTCAGTAGGAGCAAA-1,1.CRko.sg_Neg_Control_Human_GA_0493.Neg_Control_Human
CCTCAGTAGGCGATAC-1,Multi Protospacers
CCTCATGCACATACTG-1,2.CRko.sg_hDMD-INTRON_5.DMD-INTRON
CCTCATGCACTCCACT-1,2.CRko.sg_hCHAT-INTRON_5.CHAT-INTRON
CCTCCAAGTATACAGA-1,No Protospacer
CCTCCTCTCGTCACCT-1,4.CRko.sg_hACTG1_7.ACTG1
CCTCTAGAGCTACTAC-1,1.CRko.sg_Neg_Control_Human_GA_0486.Neg_Control_Human
CCTCTAGCAGACCAGA-1,2.CRko.sg_hCHAT-INTRON_5.CHAT-INTRON
CCTCTAGTCATTACCT-1,4.CRko.sg_hIKBKG_1.IKBKG
CCTCTAGTCCTTTAGT-1,No Protospacer
CCTCTAGTCGGAAACG-1,2.CRko.sg_hALAS1-INTRON_3.ALAS1-INTRON
CCTCTAGTCTGTGCGG-1,2.CRko.sg_hCHAT-INTRON_5.CHAT-INTRON
CCTCTCCAGTCAGCCC-1,No Protospacer
CCTCTCCGTGAGTTTC-1,No Protospacer
CCTGCATGTACGCTAT-1,No Protospacer
CCTGCATGTCTACATG-1,4.CRko.sg_hCHUK_2.CHUK
CCTTCAGCAGAACATA-1,4.CRko.sg_hRELA_2.RELA
CCTTGTGCAATCAGCT-1,Multi Protospacers
CCTTTGGCACGGCGTT-1,No Protospacer
CCTTTGGCAGAATTCC-1,2.CRko.sg_hREEP5-INTRON_1.REEP5-INTRON
CCTTTGGGTCCAGCCA-1,4.CRko.sg_hCHUK_2.CHUK
CGAAGGAGTCGTCTCT-1,1.CRko.sg_Neg_Control_Human_GA_0488.Neg_Control_Human
CGAAGTTAGGTAGTAT-1,No Protospacer
CGAAGTTCAACGTATC-1,No Protospacer
CGAAGTTGTCGCAACC-1,4.CRko.sg_hCHUK_6.CHUK
CGAATTGTCTTACTGT-1,4.CRko.sg_hTNFRSF1A_8.TNFRSF1A
CGACAGCGTGAATAAC-1,2.CRko.sg_hALAS1-INTRON_2.ALAS1-INTRON
CGAGAAGAGGCCCGTT-1,1.CRko.sg_Neg_Control_Human_GA_0496.Neg_Control_Human
CGAGAAGAGGTCCTGC-1,2.CRko.sg_hCHAT-INTRON_6.CHAT-INTRON
CGAGAAGCATGTAACC-1,2.CRko.sg_hALAS1-INTRON_2.ALAS1-INTRON
CGAGGCTCACCTGCGA-1,No Protospacer
CGAGTGCAGGCACGAT-1,4.CRko.sg_hCHUK_1.CHUK
CGAGTGCAGTAGGGTC-1,No Protospacer
CGATCGGAGATTAGTG-1,4.CRko.sg_hTNFRSF1A_2.TNFRSF1A
CGATCGGAGTGAATAC-1,4.CRko.sg_hSMPD1_6.SMPD1
CGATCGGGTCCTGGTG-1,Multi Protospacers
CGATGCGCATACTGAC-1,4.CRko.sg_hACTG1_6.ACTG1
CGATGCGTCATCAGTG-1,4.CRko.sg_hIKBKG_1.IKBKG
CGATGCGTCCCTGTTG-1,No Protospacer
CGATGCGTCCTCTAAT-1,4.CRko.sg_hRELA_3.RELA
CGATGGCGTTGTTGTG-1,1.CRko.sg_Neg_Control_Human_GA_0491.Neg_Control_Human
CGATGGCTCCTTCTGG-1,No Protospacer
CGCAGGTGTCATAAAG-1,2.CRko.sg_hCHAT-INTRON_5.CHAT-INTRON
CGCAGGTTCGTTCGCT-1,4.CRko.sg_hRELA_2.RELA
CGCATAACAACACAAA-1,1.CRko.sg_Neg_Control_Human_GA_0500.Neg_Control_Human
CGCATAACAATCCTTT-1,No Protospacer
CGCGTGAAGCATGCGA-1,4.CRko.sg_hTAB1_5.TAB1
CGCGTGAAGCTGGTGA-1,1.CRko.sg_Neg_Control_Human_GA_0494.Neg_Control_Human
CGGAACCAGCCTTGAT-1,No Protospacer
CGGAACCTCAGTCTTT-1,2.CRko.sg_hREEP5-INTRON_3.REEP5-INTRON
CGGACACGTTACCCAA-1,No Protospacer
CGGAGAAAGCTGGAGT-1,No Protospacer
CGGAGAACAACCAACT-1,4.CRko.sg_hACTG1_1.ACTG1
CGGAGAAGTCAATGGG-1,4.CRko.sg_hIKBKG_3.IKBKG
CGGAGAATCACCTCGT-1,4.CRko.sg_hRELA_6.RELA
CGGCAGTTCCATGATG-1,No Protospacer
CGGGACTAGTGCCCGT-1,4.CRko.sg_hRELA_1.RELA
CGGGACTCATGCAGCC-1,4.CRko.sg_hACTG1_4.ACTG1
CGGGACTTCGCACGAC-1,4.CRko.sg_hTAB1_7.TAB1
CGGGCATGTCCAGCGT-1,Multi Protospacers
CGGGTCAAGGCCACTC-1,4.CRko.sg_hCHUK_8.CHUK
CGGTCAGGTCCAGCCA-1,2.CRko.sg_hDMD-INTRON_7.DMD-INTRON
CGGTCAGTCCACCTGT-1,1.CRko.sg_Neg_Control_Human_GA_0489.Neg_Control_Human
CGGTCAGTCCCGAGTG-1,No Protospacer
CGGTCAGTCGACGATT-1,No Protospacer
CGTCAAAAGTCGAAAT-1,No Protospacer
CGTCAAATCCTGTTAT-1,2.CRko.sg_hDMD-INTRON_1.DMD-INTRON
CGTCCATAGAATAACC-1,4.CRko.sg_hSMPD1_7.SMPD1
CGTCCATGTAGCTTTG-1,4.CRko.sg_hIKBKG_6.IKBKG
CGTCCATTCCGTGGGT-1,1.CRko.sg_Neg_Control_Human_GA_0495.Neg_Control_Human
CGTCCATTCGTTAGTG-1,No Protospacer
CGTGAATAGACTCCGC-1,No Protospacer
CGTGATACATCCGTTC-1,1.CRko.sg_Neg_Control_Human_GA_0491.Neg_Control_Human
CGTGCTTAGTGGAATT-1,No Protospacer
CGTGCTTCAGGCGAAT-1,2.CRko.sg_hALAS1-INTRON_5.ALAS1-INTRON
CGTGTCTCATGGGATG-1,4.CRko.sg_hSMPD1_7.SMPD1
CGTTAGAGTCGTGCCA-1,4.CRko.sg_hTNFRSF1A_3.TNFRSF1A
CGTTAGATCCAAGCCG-1,4.CRko.sg_hIKBKG_7.IKBKG
CGTTAGATCGATTGAC-1,4.CRko.sg_hTAB1_5.TAB1
CGTTGGGTCATTCGGA-1,No Protospacer
CTAACCCGTTCGTAAC-1,2.CRko.sg_hCHAT-INTRON_3.CHAT-INTRON
CTAACTTAGTAATTGG-1,2.CRko.sg_hALAS1-INTRON_8.ALAS1-INTRON
CTAACTTCATGGCTAT-1,2.CRko.sg_hALAS1-INTRON_6.ALAS1-INTRON
CTAACTTGTCTATGAC-1,1.CRko.sg_Neg_Control_Human_GA_0492.Neg_Control_Human
CTAAGTGAGATGACAT-1,2.CRko.sg_hALAS1-INTRON_2.ALAS1-INTRON
CTAAGTGAGGCCTTCG-1,2.CRko.sg_hALAS1-INTRON_1.ALAS1-INTRON
CTACAGAAGCACCAGA-1,4.CRko.sg_hSMPD1_3.SMPD1
CTACAGATCTCTGACC-1,No Protospacer
CTACATTTCGTGTGGC-1,Multi Protospacers
CTACCCAGTCGACTTA-1,4.CRko.sg_hRELA_5.RELA
CTACCTGAGTAACGAT-1,1.CRko.sg_Neg_Control_Human_GA_0498.Neg_Control_Human
CTACGGGAGGTAAGTT-1,4.CRko.sg_hCHUK_8.CHUK
CTACTATCATAGATCC-1,No Protospacer
CTACTATGTGACTGAG-1,4.CRko.sg_hTAB1_2.TAB1
CTAGGTATCGCTCCTA-1,4.CRko.sg_hTAB1_2.TAB1
CTATCCGCATACCAGT-1,1.CRko.sg_Neg_Control_Human_GA_0486.Neg_Control_Human
CTATCCGGTCAACGCC-1,2.CRko.sg_hREEP5-INTRON_8.REEP5-INTRON
CTATCCGGTTCCACGG-1,2.CRko.sg_hCHAT-INTRON_7.CHAT-INTRON
CTATCTAAGACCCGCT-1,4.CRko.sg_hRELA_7.RELA
CTCAACCAGATGGTCG-1,1.CRko.sg_Neg_Control_Human_GA_0492.Neg_Control_Human
CTCAACCCACCGGCTA-1,4.CRko.sg_hTAB1_1.TAB1
CTCAAGACACACAGCC-1,No Protospacer
CTCAAGATCAACTACG-1,4.CRko.sg_hRELA_5.RELA
CTCAAGATCCCGTTGT-1,4.CRko.sg_hTAB1_1.TAB1
CTCAATTAGTGTACAA-1,2.CRko.sg_hDMD-INTRON_8.DMD-INTRON
CTCAATTCATCGCTGG-1,No Protospacer
CTCACTGAGAAACCAT-1,2.CRko.sg_hREEP5-INTRON_1.REEP5-INTRON
CTCACTGAGCTGGCCT-1,No Protospacer
CTCACTGCACGCAGTC-1,No Protospacer
CTCACTGCACTCGATA-1,No Protospacer
CTCACTGGTTGGGATG-1,Multi Protospacers
CTCACTGGTTTGTTCT-1,No Protospacer
CTCACTGTCTGTCCCA-1,4.CRko.sg_hACTG1_3.ACTG1
CTCAGGGTCACCGGTG-1,No Protospacer
CTCATCGCACAAATAG-1,No Protospacer
CTCATCGCATGACTCA-1,2.CRko.sg_hREEP5-INTRON_5.REEP5-INTRON
CTCATCGGTGTGAGCA-1,1.CRko.sg_Neg_Control_Human_GA_0494.Neg_Control_Human
CTCATGCCAATACGAA-1,4.CRko.sg_hACTG1_8.ACTG1
CTCATGCGTCCACATA-1,Multi Protospacers
CTCCAACCAGCCTATA-1,4.CRko.sg_hRELA_4.RELA
CTCCAACGTCGCCTAG-1,4.CRko.sg_hIKBKG_1.IKBKG
CTCCACAGTTTACTGG-1,No Protospacer
CTCCATGAGGAAAGAC-1,1.CRko.sg_Neg_Control_Human_GA_0492.Neg_Control_Human
CTCCATGCAACCGACC-1,No Protospacer
CTCCATGTCGCGTCGA-1,1.CRko.sg_Neg_Control_Human_GA_0497.Neg_Control_Human
CTCCATGTCTACTCAT-1,4.CRko.sg_hIKBKG_4.IKBKG
CTCCATGTCTCGAGTA-1,1.CRko.sg_Neg_Control_Human_GA_0493.Neg_Control_Human
CTCCATGTCTGCGGAC-1,4.CRko.sg_hRELA_8.RELA
CTCCCAAAGGCCCAAA-1,No Protospacer
CTCCCAAAGGCCTAAG-1,No Protospacer
CTCCGATAGCCAAGCA-1,2.CRko.sg_hCHAT-INTRON_8.CHAT-INTRON
CTCCGATCACCAGGTC-1,4.CRko.sg_hSMPD1_6.SMPD1
CTCCGATTCGACGCTG-1,No Protospacer
CTCCGATTCTTCACAT-1,1.CRko.sg_Neg_Control_Human_GA_0497.Neg_Control_Human
CTCCTCCGTGACTATC-1,4.CRko.sg_hTNFRSF1A_4.TNFRSF1A
CTCCTCCTCCATTGTT-1,No Protospacer
CTCCTTTTCCGAGGCT-1,1.CRko.sg_Neg_Control_Human_GA_0498.Neg_Control_Human
CTCGAGGAGGTAGGCT-1,4.CRko.sg_hIKBKG_8.IKBKG
CTCGAGGCATAGACTC-1,2.CRko.sg_hCHAT-INTRON_3.CHAT-INTRON
CTCGAGGGTAGACAGC-1,No Protospacer
CTCGAGGGTTTACGTG-1,No Protospacer
CTCGAGGTCGCAGTTA-1,2.CRko.sg_hALAS1-INTRON_4.ALAS1-INTRON
CTCGAGGTCTACTCAT-1,No Protospacer
CTCTCAGGTGACCTGC-1,2.CRko.sg_hREEP5-INTRON_2.REEP5-INTRON
CTCTCGAAGGTTGCCC-1,4.CRko.sg_hRELA_1.RELA
CTCTCGAGTATGAAAC-1,4.CRko.sg_hCHUK_1.CHUK
CTCTGGTAGAGTGACC-1,No Protospacer
CTCTGGTAGGCTTAAA-1,4.CRko.sg_hTNFRSF1A_8.TNFRSF1A
CTGAGCGGTGTTAACC-1,2.CRko.sg_hCHAT-INTRON_7.CHAT-INTRON
CTGAGGCGTCGTACTA-1,4.CRko.sg_hTNFRSF1A_5.TNFRSF1A
CTGATCCCACGAGGAT-1,4.CRko.sg_hCHUK_3.CHUK
CTGATCCCACGATAGG-1,2.CRko.sg_hDMD-INTRON_5.DMD-INTRON
CTGATCCCATCCGCGA-1,2.CRko.sg_hREEP5-INTRON_8.REEP5-INTRON
CTGATCCGTCCTGGGT-1,No Protospacer
CTGCAGGTCCAAATGC-1,No Protospacer
CTGCAGGTCGATTTCT-1,1.CRko.sg_Neg_Control_Human_GA_0499.Neg_Control_Human
CTGCATCCACCAATTG-1,4.CRko.sg_hIKBKG_8.IKBKG
CTGCCATCAGGTTACT-1,No Protospacer
CTGCCATTCAAACTGC-1,No Protospacer
CTGCGAGTCTCGTTTA-1,No Protospacer
CTGCTCAAGCTCTTCC-1,4.CRko.sg_hTNFRSF1A_7.TNFRSF1A
CTGGACGCAGGTCAAG-1,Multi Protospacers
CTGGACGTCATCCTAT-1,No Protospacer
CTGTACCCAGATACTC-1,4.CRko.sg_hTAB1_3.TAB1
CTGTACCGTCGCTTGG-1,2.CRko.sg_hALAS1-INTRON_1.ALAS1-INTRON
CTGTACCTCTGTTCAT-1,No Protospacer
CTGTATTAGATTCGAA-1,Multi Protospacers
CTGTATTGTTGTTGCA-1,No Protospacer
CTGTCGTAGTGGTCAG-1,No Protospacer
CTGTCGTTCAAACTGC-1,4.CRko.sg_hIKBKG_6.IKBKG
CTGTGAACAAGAGTAT-1,Multi Protospacers
CTGTGGGAGCCAGACA-1,1.CRko.sg_Neg_Control_Human_GA_0491.Neg_Control_Human
CTGTGGGCAGCGGTCT-1,No Protospacer
CTTACCGTCACAAGGG-1,4.CRko.sg_hTAB1_8.TAB1
CTTACCGTCTCCGATC-1,4.CRko.sg_hCHUK_8.CHUK
CTTAGGAGTAGATGTA-1,Multi Protospacers
CTTAGGAGTCGGAAAC-1,No Protospacer
CTTCAATTCAGCAATC-1,2.CRko.sg_hCHAT-INTRON_8.CHAT-INTRON
CTTCCTTTCTCAATCT-1,No Protospacer
CTTCGGTGTTGTGGCC-1,4.CRko.sg_hTNFRSF1A_7.TNFRSF1A
CTTCGGTTCTAGCCTC-1,1.CRko.sg_Neg_Control_Human_GA_0492.Neg_Control_Human
CTTCTAACAAGTCCCG-1,No Protospacer
CTTCTCTGTTGTGTAC-1,2.CRko.sg_hDMD-INTRON_8.DMD-INTRON
CTTGAGACATGGGCAA-1,No Protospacer
CTTGATTAGTCGCCCA-1,2.CRko.sg_hREEP5-INTRON_8.REEP5-INTRON
CTTGATTTCCAACACA-1,2.CRko.sg_hREEP5-INTRON_3.REEP5-INTRON
CTTGATTTCCGGCAGT-1,4.CRko.sg_hSMPD1_8.SMPD1
CTTTCAAAGGCCCACT-1,No Protospacer
CTTTCGGTCACATACG-1,No Protospacer
GAAACCTAGCTGGCCT-1,Multi Protospacers
GAAACCTAGGTAACTA-1,1.CRko.sg_Neg_Control_Human_GA_0486.Neg_Control_Human
GAAACCTTCCGTTGAA-1,4.CRko.sg_hCHUK_8.CHUK
GAAATGACAGCAATTC-1,2.CRko.sg_hCHAT-INTRON_2.CHAT-INTRON
GAAATGAGTAGTACGG-1,No Protospacer
GAAATGATCATGCCGG-1,No Protospacer
GAACACTTCAGATGCT-1,No Protospacer
GAACGTTCAGGTGTGA-1,2.CRko.sg_hDMD-INTRON_5.DMD-INTRON
GAACGTTGTGGATCGA-1,1.CRko.sg_Neg_Control_Human_GA_0488.Neg_Control_Human
GAACGTTTCACAATGC-1,1.CRko.sg_Neg_Control_Human_GA_0495.Neg_Control_Human
GAACTGTAGCAAGGAA-1,1.CRko.sg_Neg_Control_Human_GA_0490.Neg_Control_Human
GAAGAATGTAATCAGA-1,No Protospacer
GAAGAATGTATGCGTT-1,No Protospacer
GAAGAATTCCCTTTGG-1,1.CRko.sg_Neg_Control_Human_GA_0499.Neg_Control_Human
GAAGAATTCGTTCTCG-1,4.CRko.sg_hACTG1_2.ACTG1
GAAGCCCCACACACGC-1,4.CRko.sg_hRELA_1.RELA
GAAGCGAAGACGGTTG-1,1.CRko.sg_Neg_Control_Human_GA_0497.Neg_Control_Human
GAAGCGACAGCTCCTT-1,4.CRko.sg_hSMPD1_4.SMPD1
GAAGCGAGTTGTGTAC-1,4.CRko.sg_hRELA_6.RELA
GAAGCGATCAGTCTTT-1,1.CRko.sg_Neg_Control_Human_GA_0491.Neg_Control_Human
GAAGGACAGCACTCTA-1,No Protospacer
GAAGGACCAGGGTCTC-1,2.CRko.sg_hCHAT-INTRON_3.CHAT-INTRON
GAAGGACGTGAATGTA-1,4.CRko.sg_hIKBKG_1.IKBKG
GAAGGACGTTACACTG-1,No Protospacer
GAATAGACAGAGTTCT-1,No Protospacer
GAATAGATCCTTTAGT-1,Multi Protospacers
GAATCACGTGCTTCAA-1,No Protospacer
GAATCGTCAGCGGTCT-1,Multi Protospacers
GACACGCCAACGATCT-1,No Protospacer
GACAGCCCAGGTGTGA-1,1.CRko.sg_Neg_Control_Human_GA_0495.Neg_Control_Human
GACAGCCGTGAATTGA-1,No Protospacer
GACATCAAGCAAACAT-1,No Protospacer
GACATCAAGTCATGCT-1,No Protospacer
GACATCAGTGTCCGTG-1,4.CRko.sg_hTNFRSF1A_5.TNFRSF1A
GACCAATAGTACCGGA-1,Multi Protospacers
GACCAATCACCATTCC-1,4.CRko.sg_hACTG1_3.ACTG1
GACCAATCACCGTGAC-1,4.CRko.sg_hTAB1_5.TAB1
GACCCTTAGCTACTAC-1,No Protospacer
GACCCTTTCATTACCT-1,2.CRko.sg_hALAS1-INTRON_8.ALAS1-INTRON
GACCGTGCAACCTATG-1,1.CRko.sg_Neg_Control_Human_GA_0496.Neg_Control_Human
GACCGTGGTCTCCTGT-1,4.CRko.sg_hCHUK_2.CHUK
GACCTTCAGAATCCCT-1,2.CRko.sg_hCHAT-INTRON_3.CHAT-INTRON
GACCTTCAGCCTAGGA-1,1.CRko.sg_Neg_Control_Human_GA_0487.Neg_Control_Human
GACGCTGGTGCGACAA-1,No Protospacer
GACTATGAGCTCGGCT-1,4.CRko.sg_hSMPD1_1.SMPD1
GACTATGTCGACGACC-1,No Protospacer
GACTATGTCTGGACTA-1,No Protospacer
GACTCAAAGCTCCGAC-1,4.CRko.sg_hRELA_1.RELA
GACTCTCCAACAAGTA-1,4.CRko.sg_hACTG1_2.ACTG1
GACTCTCGTTTCGTTT-1,2.CRko.sg_hREEP5-INTRON_8.REEP5-INTRON
GACTCTCTCTGTGCGG-1,No Protospacer
GACTGATAGTCAAGCG-1,4.CRko.sg_hCHUK_5.CHUK
GACTGATTCAAATGCC-1,4.CRko.sg_hSMPD1_6.SMPD1
GACTTCCCACGGTCTG-1,2.CRko.sg_hREEP5-INTRON_8.REEP5-INTRON
GACTTCCTCAGGACGA-1,2.CRko.sg_hCHAT-INTRON_3.CHAT-INTRON
GACTTCCTCGGTGTAT-1,4.CRko.sg_hRELA_4.RELA
GAGAAATAGCAAGGAA-1,4.CRko.sg_hTNFRSF1A_4.TNFRSF1A
GAGAAATAGCACTCTA-1,4.CRko.sg_hACTG1_2.ACTG1
GAGAAATAGCGCCTCA-1,4.CRko.sg_hRELA_2.RELA
GAGAAATAGGTTCTAC-1,2.CRko.sg_hREEP5-INTRON_7.REEP5-INTRON
GAGACCCAGCTGGTGA-1,4.CRko.sg_hTAB1_3.TAB1
GAGACCCCATCGATGT-1,4.CRko.sg_hRELA_1.RELA
GAGACCCGTGCCGTTG-1,No Protospacer
GAGACTTTCCCATTTA-1,1.CRko.sg_Neg_Control_Human_GA_0491.Neg_Control_Human
GAGAGGTGTTATGACC-1,No Protospacer
GAGAGGTTCACTCCGT-1,No Protospacer
GAGATGGAGCTGACAG-1,Multi Protospacers
GAGATGGTCCAAGCAT-1,4.CRko.sg_hTNFRSF1A_5.TNFRSF1A
GAGCTGCAGGGTGAAA-1,4.CRko.sg_hIKBKG_1.IKBKG
GAGCTGCGTAAGGCCA-1,No Protospacer
GAGGCAAGTCAAGTTC-1,2.CRko.sg_hCHAT-INTRON_7.CHAT-INTRON
GAGGCCTAGTCGAATA-1,4.CRko.sg_hTNFRSF1A_2.TNFRSF1A
GAGGCCTCACGCAAAG-1,4.CRko.sg_hTAB1_3.TAB1
GAGGGATCAGTCGGAA-1,1.CRko.sg_Neg_Control_Human_GA_0500.Neg_Control_Human
GAGGGTACATTGTACG-1,4.CRko.sg_hSMPD1_5.SMPD1
GAGGGTAGTTCTCTCG-1,No Protospacer
GAGTCATAGCTGTACT-1,2.CRko.sg_hREEP5-INTRON_5.REEP5-INTRON
GAGTCTAGTCAGTCTA-1,1.CRko.sg_Neg_Control_Human_GA_0492.Neg_Control_Human
GAGTGAGAGTAGATCA-1,2.CRko.sg_hALAS1-INTRON_6.ALAS1-INTRON
GAGTGTTCATGACACT-1,1.CRko.sg_Neg_Control_Human_GA_0486.Neg_Control_Human
GAGTGTTTCGTGGCTG-1,1.CRko.sg_Neg_Control_Human_GA_0487.Neg_Control_Human
GAGTTACAGCCTGTCG-1,2.CRko.sg_hREEP5-INTRON_5.REEP5-INTRON
GAGTTACCAAGTCCAT-1,4.CRko.sg_hTNFRSF1A_2.TNFRSF1A
GAGTTACGTTTCCCAC-1,2.CRko.sg_hDMD-INTRON_3.DMD-INTRON
GAGTTTGGTAGGAGGG-1,No Protospacer
GATAGCTAGGCTCACC-1,No Protospacer
GATCACAAGAAGGCTC-1,4.CRko.sg_hCHUK_7.CHUK
GATCACACACACTGGC-1,No Protospacer
GATCAGTAGTGGAATT-1,4.CRko.sg_hSMPD1_1.SMPD1
GATCAGTCATCTGTTT-1,No Protospacer
GATCATGTCTGCCTGT-1,No Protospacer
GATCCCTAGAAATGGG-1,Multi Protospacers
GATCCCTTCTGGTGCG-1,4.CRko.sg_hTNFRSF1A_5.TNFRSF1A
GATCGTAAGGACGCTA-1,No Protospacer
GATCGTAAGGACTTCT-1,4.CRko.sg_hTNFRSF1A_3.TNFRSF1A
GATCGTAGTTGTGCCG-1,1.CRko.sg_Neg_Control_Human_GA_0499.Neg_Control_Human
GATGACTAGCACGGAT-1,1.CRko.sg_Neg_Control_Human_GA_0485.Neg_Control_Human
GATGACTCAGAGGTAC-1,2.CRko.sg_hCHAT-INTRON_8.CHAT-INTRON
GATGACTCAGTCCCGA-1,4.CRko.sg_hRELA_5.RELA
GATGACTGTATCACCA-1,4.CRko.sg_hCHUK_7.CHUK
GATGAGGAGAGCTGAC-1,2.CRko.sg_hCHAT-INTRON_5.CHAT-INTRON
GATGAGGCACCTGATA-1,Multi Protospacers
GATGAGGCATTGACAC-1,1.CRko.sg_Neg_Control_Human_GA_0496.Neg_Control_Human
GATGCTAAGCCTTCTC-1,4.CRko.sg_hSMPD1_6.SMPD1
GATGCTAGTCACTCTC-1,4.CRko.sg_hCHUK_1.CHUK
GATGGAGGTAGGCAAC-1,1.CRko.sg_Neg_Control_Human_GA_0494.Neg_Control_Human
GATGGAGTCAATGCAC-1,1.CRko.sg_Neg_Control_Human_GA_0497.Neg_Control_Human
GATGTTGCACGACAAG-1,4.CRko.sg_hIKBKG_5.IKBKG
GATGTTGTCACCATGA-1,4.CRko.sg_hSMPD1_2.SMPD1
GATTCGAAGACAGTCG-1,4.CRko.sg_hTAB1_5.TAB1
GATTGGTTCGCTCCTA-1,No Protospacer
GCAACATGTGCCTATA-1,2.CRko.sg_hALAS1-INTRON_2.ALAS1-INTRON
GCAACATTCCACGAAT-1,No Protospacer
GCAACCGAGAGTTGCG-1,No Protospacer
GCAACCGGTACGAGTG-1,1.CRko.sg_Neg_Control_Human_GA_0497.Neg_Control_Human
GCAACCGTCTTAGTTC-1,No Protospacer
GCACATAGTCAAATCC-1,1.CRko.sg_Neg_Control_Human_GA_0496.Neg_Control_Human
GCACATAGTTGTTGTG-1,No Protospacer
GCACATATCTGGTTGA-1,4.CRko.sg_hCHUK_3.CHUK
GCACGGTGTTAGGGAC-1,4.CRko.sg_hTNFRSF1A_5.TNFRSF1A
GCACGTGAGTCACACT-1,No Protospacer
GCACGTGGTGGATCAG-1,1.CRko.sg_Neg_Control_Human_GA_0485.Neg_Control_Human
GCACTAACAACTGCCG-1,4.CRko.sg_hTAB1_2.TAB1
GCACTAAGTCCTACGG-1,1.CRko.sg_Neg_Control_Human_GA_0498.Neg_Control_Human
GCACTAATCAGCGCGT-1,No Protospacer
GCAGCCACAGAGATTA-1,No Protospacer
GCAGCCATCAATCGGT-1,No Protospacer
GCAGCTGAGATGAATC-1,No Protospacer
GCAGCTGGTTCTCCCA-1,2.CRko.sg_hDMD-INTRON_5.DMD-INTRON
GCAGGCTAGGAACATT-1,Multi Protospacers
GCAGTTACACCCAAGC-1,4.CRko.sg_hTAB1_4.TAB1
GCAGTTACATCGATAC-1,1.CRko.sg_Neg_Control_Human_GA_0492.Neg_Control_Human
GCATCGGAGCGTTGTT-1,4.CRko.sg_hSMPD1_6.SMPD1
GCATCGGCATAGTCAC-1,Multi Protospacers
GCATCGGTCCAATCCC-1,2.CRko.sg_hDMD-INTRON_1.DMD-INTRON
GCATCTCCAATGAACA-1,1.CRko.sg_Neg_Control_Human_GA_0492.Neg_Control_Human
GCATGATGTATCCCTC-1,4.CRko.sg_hRELA_3.RELA
GCATTAGCATGCACTA-1,4.CRko.sg_hTAB1_1.TAB1
GCCAACGGTAACAAGT-1,1.CRko.sg_Neg_Control_Human_GA_0491.Neg_Control_Human
GCCAACGGTGCAATGG-1,No Protospacer
GCCAACGTCCTCTTTC-1,4.CRko.sg_hRELA_7.RELA
GCCAGGTGTGTACAGG-1,No Protospacer
GCCAGTGAGCAGAAAG-1,4.CRko.sg_hTAB1_8.TAB1
GCCATTCAGACCAAAT-1,Multi Protospacers
GCCATTCCAAAGCACG-1,No Protospacer
GCCATTCGTGTATTCG-1,No Protospacer
GCCCAGACAGGCGATA-1,4.CRko.sg_hTAB1_7.TAB1
GCCCAGAGTCACTCTC-1,Multi Protospacers
GCCCGAAAGACCACGA-1,4.CRko.sg_hSMPD1_7.SMPD1
GCCCGAAGTGGTCTGC-1,1.CRko.sg_Neg_Control_Human_GA_0494.Neg_Control_Human
GCCGATGAGCTTAGTC-1,No Protospacer
GCCGATGAGTGGTTCT-1,1.CRko.sg_Neg_Control_Human_GA_0487.Neg_Control_Human
GCCGATGCAAGTTCCA-1,2.CRko.sg_hALAS1-INTRON_1.ALAS1-INTRON
GCCGATGCACCGCTAG-1,4.CRko.sg_hTAB1_1.TAB1
GCCGATGGTGGCTACC-1,2.CRko.sg_hALAS1-INTRON_3.ALAS1-INTRON
GCCGATGTCGCTAATG-1,No Protospacer
GCCGTGAAGTAATCCC-1,4.CRko.sg_hACTG1_1.ACTG1
GCCTGTTCACGGTGTC-1,4.CRko.sg_hSMPD1_6.SMPD1
GCGAGAAGTGTACGCC-1,2.CRko.sg_hCHAT-INTRON_5.CHAT-INTRON
GCGATCGGTCTCCTGT-1,1.CRko.sg_Neg_Control_Human_GA_0493.Neg_Control_Human
GCGGAAATCAGACCTA-1,4.CRko.sg_hTAB1_3.TAB1
GCGTGCATCCATATGG-1,2.CRko.sg_hCHAT-INTRON_8.CHAT-INTRON
GCTACAAGTGCCGGTT-1,No Protospacer
GCTACCTAGTCGAATA-1,4.CRko.sg_hRELA_2.RELA
GCTACCTAGTCTAGAA-1,1.CRko.sg_Neg_Control_Human_GA_0488.Neg_Control_Human
GCTACCTCAGATAAAC-1,4.CRko.sg_hSMPD1_3.SMPD1
GCTACCTTCATGGATC-1,2.CRko.sg_hCHAT-INTRON_5.CHAT-INTRON
GCTGAATAGGAAAGTG-1,4.CRko.sg_hIKBKG_6.IKBKG
GCTGAATAGTTCCTGA-1,4.CRko.sg_hTNFRSF1A_8.TNFRSF1A
GCTGCAGGTGTTCGAT-1,No Protospacer
GCTTGGGCAGCGTATT-1,No Protospacer
GCTTGGGGTTACTCAG-1,No Protospacer
GCTTGGGTCTATTTCG-1,No Protospacer
GCTTGGGTCTCAACGA-1,4.CRko.sg_hSMPD1_6.SMPD1
GCTTTCGTCAAACCTG-1,No Protospacer
GGAACCCAGCATGCAG-1,No Protospacer
GGAACCCTCCGCTAGG-1,No Protospacer
GGAACCCTCCTTATGT-1,No Protospacer
GGAAGTGCAGCTATAC-1,2.CRko.sg_hALAS1-INTRON_7.ALAS1-INTRON
GGAATGGGTGAGAACC-1,2.CRko.sg_hALAS1-INTRON_3.ALAS1-INTRON
GGAATGGGTGTTTCTT-1,1.CRko.sg_Neg_Control_Human_GA_0498.Neg_Control_Human
GGACGTCAGAATCCCT-1,4.CRko.sg_hSMPD1_3.SMPD1
GGACGTCAGGCATCTT-1,No Protospacer
GGACGTCAGGTCGACA-1,1.CRko.sg_Neg_Control_Human_GA_0487.Neg_Control_Human
GGACGTCAGTCACTAC-1,2.CRko.sg_hALAS1-INTRON_7.ALAS1-INTRON
GGACGTCGTAGAGATT-1,4.CRko.sg_hIKBKG_8.IKBKG
GGACGTCGTTCATCTT-1,4.CRko.sg_hRELA_7.RELA
GGAGAACTCTCTCAAT-1,4.CRko.sg_hACTG1_5.ACTG1
GGAGATGGTGGTTTGT-1,4.CRko.sg_hSMPD1_4.SMPD1
GGAGATGTCATGGGAG-1,4.CRko.sg_hCHUK_8.CHUK
GGAGGATCACAGTCGC-1,Multi Protospacers
GGAGGATGTAGGTAGC-1,No Protospacer
GGAGGATGTGGCTTGC-1,2.CRko.sg_hREEP5-INTRON_4.REEP5-INTRON
GGATCTAAGATGGGCT-1,4.CRko.sg_hIKBKG_5.IKBKG
GGATGTTCAGGCATTT-1,4.CRko.sg_hTNFRSF1A_2.TNFRSF1A
GGCACGTAGAGGGCGA-1,4.CRko.sg_hSMPD1_6.SMPD1
GGCACGTTCCACGAAT-1,4.CRko.sg_hSMPD1_1.SMPD1
GGCGTCAAGTAACGTA-1,4.CRko.sg_hCHUK_4.CHUK
GGCGTCACAGATTAAG-1,4.CRko.sg_hSMPD1_1.SMPD1
GGGAAGTAGGTAGATT-1,4.CRko.sg_hCHUK_7.CHUK
GGGAAGTCAACAGATA-1,No Protospacer
GGGAAGTTCGGTCACG-1,2.CRko.sg_hDMD-INTRON_7.DMD-INTRON
GGGAAGTTCGTGAGAG-1,Multi Protospacers
GGGACAATCCGCTGTT-1,1.CRko.sg_Neg_Control_Human_GA_0489.Neg_Control_Human
GGGACTCCAGTGGCTC-1,No Protospacer
GGGACTCGTCAGTCCG-1,1.CRko.sg_Neg_Control_Human_GA_0497.Neg_Control_Human
GGGAGATCACACGGTC-1,2.CRko.sg_hDMD-INTRON_1.DMD-INTRON
GGGAGATCACCGTGCA-1,4.CRko.sg_hCHUK_1.CHUK
GGGATCCGTCCAGCAC-1,1.CRko.sg_Neg_Control_Human_GA_0486.Neg_Control_Human
GGGATCCGTGCGCTCA-1,4.CRko.sg_hACTG1_1.ACTG1
GGGATCCTCTGGCCGA-1,No Protospacer
GGGCCATAGATCCTAC-1,No Protospacer
GGGCCATGTACAGCGA-1,Multi Protospacers
GGGCGTTCAAGTTCGT-1,1.CRko.sg_Neg_Control_Human_GA_0492.Neg_Control_Human
GGGCTACGTCTGTAGT-1,2.CRko.sg_hDMD-INTRON_1.DMD-INTRON
GGGCTCACAACCGATT-1,4.CRko.sg_hACTG1_1.ACTG1
GGGCTCACACAGTATC-1,1.CRko.sg_Neg_Control_Human_GA_0500.Neg_Control_Human
GGGCTCACAGCGGTCT-1,No Protospacer
GGGCTCATCTCTCCGA-1,2.CRko.sg_hDMD-INTRON_8.DMD-INTRON
GGGTAGAGTTCTCTAT-1,4.CRko.sg_hIKBKG_5.IKBKG
GGGTAGATCCTATTGT-1,2.CRko.sg_hCHAT-INTRON_5.CHAT-INTRON
GGGTATTAGGGAGGGT-1,Multi Protospacers
GGGTCTGCAGAGTGTG-1,4.CRko.sg_hSMPD1_4.SMPD1
GGGTCTGTCGCTTTAT-1,No Protospacer
GGGTGAACACGGCCAT-1,4.CRko.sg_hACTG1_8.ACTG1
GGGTGAAGTTTACCAG-1,1.CRko.sg_Neg_Control_Human_GA_0496.Neg_Control_Human
GGGTGTCAGATGGCGT-1,4.CRko.sg_hTAB1_2.TAB1
GGGTGTCTCCCAGGAC-1,1.CRko.sg_Neg_Control_Human_GA_0490.Neg_Control_Human
GGGTTATAGAATACAC-1,1.CRko.sg_Neg_Control_Human_GA_0495.Neg_Control_Human
GGGTTATCAGCGACAA-1,4.CRko.sg_hRELA_3.RELA
GGGTTATTCATCGACA-1,4.CRko.sg_hTNFRSF1A_7.TNFRSF1A
GGGTTTATCCACATAG-1,Multi Protospacers
GGTAACTTCTCCGCAT-1,No Protospacer
GGTAATCGTCGCGGTT-1,No Protospacer
GGTAATCTCATAAGGA-1,4.CRko.sg_hSMPD1_7.SMPD1
GGTAGAGGTTCGATTG-1,4.CRko.sg_hCHUK_5.CHUK
GGTCACGCACTTCAGA-1,4.CRko.sg_hACTG1_1.ACTG1
GGTCTGGAGTCCCGAC-1,2.CRko.sg_hALAS1-INTRON_8.ALAS1-INTRON
GGTGAAGGTGGTATGG-1,Multi Protospacers
GGTGAAGTCTCGCTTG-1,No Protospacer
GGTGATTTCATTCATC-1,No Protospacer
GGTGGCTAGAAGCTCG-1,1.CRko.sg_Neg_Control_Human_GA_0493.Neg_Control_Human
GGTGGCTAGACAAGCC-1,4.CRko.sg_hIKBKG_7.IKBKG
GGTGGCTTCACTGCTC-1,4.CRko.sg_hRELA_8.RELA
GGTGGCTTCGAACTCA-1,No Protospacer
GGTGTCGCAGTATACC-1,1.CRko.sg_Neg_Control_Human_GA_0491.Neg_Control_Human
GGTGTCGGTGAATGAT-1,2.CRko.sg_hREEP5-INTRON_7.REEP5-INTRON
GGTGTTAGTAACTTCG-1,No Protospacer
GGTGTTAGTAAGATCA-1,1.CRko.sg_Neg_Control_Human_GA_0499.Neg_Control_Human
GGTGTTATCACCGGTG-1,No Protospacer
GGTGTTATCTCTGCTG-1,No Protospacer
GGTTAACGTTGGGACA-1,No Protospacer
GGTTCTCAGACAAGCC-1,Multi Protospacers
GGTTCTCAGATTGACA-1,No Protospacer
GGTTCTCAGTCTTCCC-1,2.CRko.sg_hALAS1-INTRON_1.ALAS1-INTRON
GGTTGTAAGTCTCCTC-1,Multi Protospacers
GTAACACAGTGGGAAA-1,2.CRko.sg_hCHAT-INTRON_3.CHAT-INTRON
GTAACACCACTCTAGA-1,No Protospacer
GTAACACTCCTTATCA-1,Multi Protospacers
GTAACCACAGGCATGA-1,No Protospacer
GTAATCGAGTGCCTCG-1,2.CRko.sg_hREEP5-INTRON_3.REEP5-INTRON
GTAATCGCATTAGGCT-1,4.CRko.sg_hRELA_2.RELA
GTAATGCGTAGTACGG-1,4.CRko.sg_hTNFRSF1A_4.TNFRSF1A
GTACAACGTAGCCAGA-1,Multi Protospacers
GTAGAGGCACCAGCCA-1,4.CRko.sg_hIKBKG_3.IKBKG
GTAGAGGCAGGCATGA-1,4.CRko.sg_hSMPD1_7.SMPD1
GTAGATCCACGACGCT-1,Multi Protospacers
GTAGATCGTACGTACT-1,Multi Protospacers
GTAGATCTCACCTTAT-1,No Protospacer
GTAGCTATCTACCCAC-1,No Protospacer
GTAGGAGAGTAGTGCG-1,4.CRko.sg_hIKBKG_5.IKBKG
GTAGGAGCAAGCCATT-1,4.CRko.sg_hACTG1_8.ACTG1
GTAGGAGCACAGGATG-1,1.CRko.sg_Neg_Control_Human_GA_0497.Neg_Control_Human
GTAGGAGCAGGCACTC-1,4.CRko.sg_hRELA_2.RELA
GTAGGAGCATCCCACT-1,1.CRko.sg_Neg_Control_Human_GA_0487.Neg_Control_Human
GTAGGTTTCCTCGATC-1,4.CRko.sg_hRELA_6.RELA
GTAGTACTCACAATGC-1,No Protospacer
GTATTGGAGACGGAAA-1,No Protospacer
GTATTGGAGGGTCTTT-1,No Protospacer
GTATTTCAGGAGTACC-1,4.CRko.sg_hCHUK_5.CHUK
GTATTTCAGTTGTAAG-1,4.CRko.sg_hACTG1_6.ACTG1
GTATTTCTCGAACTCA-1,2.CRko.sg_hALAS1-INTRON_4.ALAS1-INTRON
GTCAAGTAGTTCGGTT-1,4.CRko.sg_hIKBKG_6.IKBKG
GTCAAGTGTGGTTCTA-1,2.CRko.sg_hDMD-INTRON_1.DMD-INTRON
GTCACGGAGATTGAGT-1,4.CRko.sg_hSMPD1_2.SMPD1
GTCACGGAGGCCTGAA-1,4.CRko.sg_hTNFRSF1A_6.TNFRSF1A
GTCACTCCATGCCATA-1,2.CRko.sg_hCHAT-INTRON_6.CHAT-INTRON
GTCACTCTCAAACCTG-1,4.CRko.sg_hCHUK_6.CHUK
GTCAGCGTCACTGAAC-1,1.CRko.sg_Neg_Control_Human_GA_0487.Neg_Control_Human
GTCATCCGTAGTCTTG-1,4.CRko.sg_hRELA_1.RELA
GTCATCCTCGGCGATC-1,2.CRko.sg_hALAS1-INTRON_3.ALAS1-INTRON
GTCATGAAGCCGTTAT-1,4.CRko.sg_hTAB1_5.TAB1
GTCATTTAGATGCAGC-1,4.CRko.sg_hIKBKG_7.IKBKG
GTCATTTGTAGCACGA-1,2.CRko.sg_hDMD-INTRON_6.DMD-INTRON
GTCATTTGTGCAGATG-1,4.CRko.sg_hCHUK_5.CHUK
GTCATTTTCGTACCTC-1,No Protospacer
GTCATTTTCTCTAGGA-1,2.CRko.sg_hDMD-INTRON_6.DMD-INTRON
GTCCACTCAAAGGGTC-1,Multi Protospacers
GTCCACTGTCTCTCAC-1,4.CRko.sg_hSMPD1_7.SMPD1
GTCCACTGTTCCGCGA-1,1.CRko.sg_Neg_Control_Human_GA_0491.Neg_Control_Human
GTCCCATAGACGCCAA-1,No Protospacer
GTCCCATAGTCTAACC-1,4.CRko.sg_hTAB1_1.TAB1
GTCCCATTCCATGCAA-1,No Protospacer
GTCGAATAGCAGGCTA-1,1.CRko.sg_Neg_Control_Human_GA_0486.Neg_Control_Human
GTCGAATTCAGGAAGC-1,2.CRko.sg_hREEP5-INTRON_4.REEP5-INTRON
GTCGCGAGTTCCATTT-1,1.CRko.sg_Neg_Control_Human_GA_0500.Neg_Control_Human
GTCGTAAAGGATGAGA-1,4.CRko.sg_hTAB1_4.TAB1
GTCGTAAAGGATTCCT-1,Multi Protospacers
GTCGTAAAGTAAACAC-1,No Protospacer
GTCGTAACAGAATTCC-1,2.CRko.sg_hALAS1-INTRON_7.ALAS1-INTRON
GTCGTAACAGCAGATG-1,4.CRko.sg_hTNFRSF1A_8.TNFRSF1A
GTCGTTCCATAGATCC-1,4.CRko.sg_hTNFRSF1A_3.TNFRSF1A
GTCTACCGTTATCTGG-1,2.CRko.sg_hDMD-INTRON_1.DMD-INTRON
GTCTACCTCGTCTACC-1,4.CRko.sg_hSMPD1_2.SMPD1
GTCTAGACAGAAGCGT-1,4.CRko.sg_hRELA_5.RELA
GTCTCACAGGCACCAA-1,4.CRko.sg_hRELA_2.RELA
GTCTGTCGTGTCATGT-1,4.CRko.sg_hCHUK_7.CHUK
GTCTGTCTCACTACTT-1,2.CRko.sg_hDMD-INTRON_2.DMD-INTRON
GTCTTTACAGTCGAGA-1,4.CRko.sg_hRELA_3.RELA
GTGACGCGTTGCATTG-1,No Protospacer
GTGAGTTAGACAGTCG-1,No Protospacer
GTGCAGCAGACCAAAT-1,No Protospacer
GTGCAGCAGCAAGTGC-1,1.CRko.sg_Neg_Control_Human_GA_0495.Neg_Control_Human
GTGCAGCAGTTTCTTC-1,4.CRko.sg_hRELA_2.RELA
GTGCAGCCAAAGCGTG-1,2.CRko.sg_hCHAT-INTRON_3.CHAT-INTRON
GTGCAGCGTGATACCT-1,4.CRko.sg_hTAB1_5.TAB1
GTGCTGGTCCGTATGA-1,2.CRko.sg_hCHAT-INTRON_8.CHAT-INTRON
GTGCTTCAGTGCGACA-1,4.CRko.sg_hTNFRSF1A_3.TNFRSF1A
GTGGCGTCACGTCGTG-1,Multi Protospacers
GTGGGAAAGAGAGCAA-1,1.CRko.sg_Neg_Control_Human_GA_0488.Neg_Control_Human
GTGGGAAAGAGAGTGA-1,2.CRko.sg_hDMD-INTRON_3.DMD-INTRON
GTGGTTACAATAGGAT-1,4.CRko.sg_hTNFRSF1A_3.TNFRSF1A
GTGGTTAGTCAATGGG-1,2.CRko.sg_hREEP5-INTRON_5.REEP5-INTRON
GTGTCCTAGTAGTGCG-1,4.CRko.sg_hSMPD1_4.SMPD1
GTGTCCTCAATTAGGA-1,2.CRko.sg_hALAS1-INTRON_8.ALAS1-INTRON
GTGTCCTCAGTTGAAA-1,No Protospacer
GTGTCCTGTAGGACCA-1,1.CRko.sg_Neg_Control_Human_GA_0492.Neg_Control_Human
GTGTCCTTCGTGTGAT-1,No Protospacer
GTGTCCTTCTGTGCTC-1,2.CRko.sg_hDMD-INTRON_2.DMD-INTRON
GTGTGATAGCATTTCG-1,4.CRko.sg_hRELA_3.RELA
GTGTGATGTGCAATAA-1,2.CRko.sg_hALAS1-INTRON_5.ALAS1-INTRON
GTGTTCCGTTCGTTCC-1,1.CRko.sg_Neg_Control_Human_GA_0499.Neg_Control_Human
GTTACAGAGTTCAACC-1,Multi Protospacers
GTTACAGTCACTGCTC-1,No Protospacer
GTTACCCAGACCAAAT-1,1.CRko.sg_Neg_Control_Human_GA_0493.Neg_Control_Human
GTTACCCGTTATTCCT-1,4.CRko.sg_hIKBKG_5.IKBKG
GTTACCCGTTGTCATG-1,4.CRko.sg_hRELA_8.RELA
GTTACCCTCCCGTGAG-1,2.CRko.sg_hALAS1-INTRON_8.ALAS1-INTRON
GTTACGACATCTGTTT-1,4.CRko.sg_hCHUK_1.CHUK
GTTACGACATTGGCAT-1,Multi Protospacers
GTTACGATCGTACACA-1,1.CRko.sg_Neg_Control_Human_GA_0489.Neg_Control_Human
GTTACGATCTCAACCC-1,4.CRko.sg_hSMPD1_7.SMPD1
GTTACGATCTTTCCGG-1,4.CRko.sg_hSMPD1_8.SMPD1
GTTAGTGAGGTGCCTC-1,No Protospacer
GTTCATTGTGCCGTAC-1,1.CRko.sg_Neg_Control_Human_GA_0500.Neg_Control_Human
GTTCATTGTGTCTAAC-1,No Protospacer
GTTCCGTTCCCTTGGT-1,No Protospacer
GTTCTATAGCTACTGT-1,No Protospacer
GTTCTATCATCGAGCC-1,1.CRko.sg_Neg_Control_Human_GA_0492.Neg_Control_Human
GTTCTATTCCATGCAA-1,1.CRko.sg_Neg_Control_Human_GA_0500.Neg_Control_Human
GTTCTATTCCATTGCC-1,No Protospacer
GTTGAACAGCTCTGTA-1,4.CRko.sg_hRELA_1.RELA
GTTGAACGTAGCTGCC-1,Multi Protospacers
GTTGCGGAGTGGTCAG-1,No Protospacer
GTTGCGGGTCAGGCAA-1,Multi Protospacers
GTTGCTCAGTACAACA-1,Multi Protospacers
GTTGTAGAGCAATTAG-1,2.CRko.sg_hCHAT-INTRON_8.CHAT-INTRON
GTTGTAGCAGTAGAGC-1,1.CRko.sg_Neg_Control_Human_GA_0489.Neg_Control_Human
GTTGTAGGTCGCACGT-1,No Protospacer
GTTGTAGTCTGGGAGA-1,4.CRko.sg_hCHUK_8.CHUK
GTTGTCCAGCACGATG-1,No Protospacer
GTTGTCCAGTATGGAT-1,4.CRko.sg_hIKBKG_7.IKBKG
GTTGTGAAGGTCCTGC-1,No Protospacer
GTTGTGAGTTCCCAAA-1,2.CRko.sg_hDMD-INTRON_3.DMD-INTRON
GTTGTGATCGGATTAC-1,No Protospacer
GTTTACTAGGGCTAAC-1,1.CRko.sg_Neg_Control_Human_GA_0495.Neg_Control_Human
GTTTACTCACAGCGCT-1,4.CRko.sg_hTNFRSF1A_1.TNFRSF1A
GTTTACTGTGTCACAT-1,No Protospacer
GTTTGGACACAGCCAC-1,4.CRko.sg_hIKBKG_7.IKBKG
TAACACGGTACGCTTA-1,4.CRko.sg_hRELA_1.RELA
TAACACGTCCGGGACT-1,No Protospacer
TAACACGTCTATCGGA-1,No Protospacer
TAACCAGAGCTAAATG-1,4.CRko.sg_hSMPD1_6.SMPD1
TAACGACAGGATATGT-1,1.CRko.sg_Neg_Control_Human_GA_0491.Neg_Control_Human
TAACGACCATACCGTA-1,4.CRko.sg_hRELA_6.RELA
TAACGACGTGTTCATG-1,No Protospacer
TAACGACGTTTGCCGG-1,1.CRko.sg_Neg_Control_Human_GA_0497.Neg_Control_Human
TAACTTCAGATGTAGT-1,4.CRko.sg_hTAB1_5.TAB1
TAACTTCTCCGGTAGC-1,4.CRko.sg_hRELA_8.RELA
TAACTTCTCGCGCTGA-1,2.CRko.sg_hREEP5-INTRON_6.REEP5-INTRON
TAACTTCTCGGCTGGT-1,No Protospacer
TAAGCACCATTGGATC-1,1.CRko.sg_Neg_Control_Human_GA_0496.Neg_Control_Human
TAAGCCAAGCCTGTGC-1,No Protospacer
TAAGCCACAAACCATC-1,4.CRko.sg_hTAB1_3.TAB1
TAAGCCACACGCTATA-1,4.CRko.sg_hCHUK_1.CHUK
TAAGCCAGTAGATCGG-1,4.CRko.sg_hRELA_8.RELA
TAAGCGTAGCTACAAA-1,No Protospacer
TAAGCGTGTTTGTGGT-1,4.CRko.sg_hTNFRSF1A_7.TNFRSF1A
TAAGCGTTCGGACCAC-1,4.CRko.sg_hTNFRSF1A_4.TNFRSF1A
TAAGTCGCAACGACAG-1,4.CRko.sg_hTNFRSF1A_5.TNFRSF1A
TAAGTCGTCATTTGTC-1,No Protospacer
TAATCTCCATCCGAAT-1,No Protospacer
TAATCTCGTTCGTTCC-1,2.CRko.sg_hREEP5-INTRON_2.REEP5-INTRON
TAATTCCCACAAGCTT-1,4.CRko.sg_hSMPD1_1.SMPD1
TAATTCCGTGTCTTAG-1,No Protospacer
TAATTCCTCGCGTCGA-1,1.CRko.sg_Neg_Control_Human_GA_0495.Neg_Control_Human
TACAACGGTGGGTATG-1,4.CRko.sg_hTAB1_7.TAB1
TACAACGGTTCGGTTA-1,1.CRko.sg_Neg_Control_Human_GA_0499.Neg_Control_Human
TACAACGTCCAAATGC-1,2.CRko.sg_hCHAT-INTRON_2.CHAT-INTRON
TACAGGTGTCAACATC-1,No Protospacer
TACAGGTTCCGCACGA-1,No Protospacer
TACATTCAGACGATAT-1,Multi Protospacers
TACATTCAGTCGCCCA-1,2.CRko.sg_hDMD-INTRON_1.DMD-INTRON
TACATTCGTCCTTTGC-1,4.CRko.sg_hCHUK_4.CHUK
TACCCACAGAGAGTTT-1,No Protospacer
TACCCACAGGGAGGCA-1,4.CRko.sg_hTNFRSF1A_6.TNFRSF1A
TACCCACCAAGTAGTA-1,No Protospacer
TACCGAAGTGCACGCT-1,4.CRko.sg_hTNFRSF1A_8.TNFRSF1A
TACCGGGTCGTCCATC-1,2.CRko.sg_hDMD-INTRON_5.DMD-INTRON
TACCTCGTCGAGTTGT-1,2.CRko.sg_hALAS1-INTRON_1.ALAS1-INTRON
TACGCTCCAGTCGCAC-1,4.CRko.sg_hTAB1_8.TAB1
TACGGGCCATATCTGG-1,No Protospacer
TACGGGCCATTCGGGC-1,No Protospacer
TACGGTAAGACGGATC-1,4.CRko.sg_hSMPD1_7.SMPD1
TACGGTAGTCATGCAT-1,4.CRko.sg_hCHUK_8.CHUK
TACGTCCAGATAACGT-1,Multi Protospacers
TACTGCCTCGCCTATC-1,4.CRko.sg_hCHUK_6.CHUK
TACTTACGTCCGATCG-1,No Protospacer
TACTTACTCAGACCCG-1,Multi Protospacers
TACTTACTCCGTTGGG-1,Multi Protospacers
TACTTACTCGTCAGAT-1,4.CRko.sg_hACTG1_1.ACTG1
TACTTCAAGACTAGAT-1,4.CRko.sg_hACTG1_6.ACTG1
TACTTCACATTGGATC-1,2.CRko.sg_hREEP5-INTRON_1.REEP5-INTRON
TACTTCAGTCGTCTCT-1,1.CRko.sg_Neg_Control_Human_GA_0489.Neg_Control_Human
TACTTGTGTAAGGCTG-1,4.CRko.sg_hSMPD1_1.SMPD1
TAGACCAAGGCAGCTA-1,Multi Protospacers
TAGACCAAGGTTCCAT-1,No Protospacer
TAGACCAGTCGTCAGC-1,4.CRko.sg_hSMPD1_7.SMPD1
TAGACCAGTTTGAACC-1,1.CRko.sg_Neg_Control_Human_GA_0488.Neg_Control_Human
TAGACTGCAATTGGTC-1,4.CRko.sg_hRELA_3.RELA
TAGACTGTCCTACGAA-1,No Protospacer
TAGAGTCCATGTCAGT-1,No Protospacer
TAGAGTCTCAGTGTTG-1,4.CRko.sg_hTNFRSF1A_7.TNFRSF1A
TAGATCGAGATCACCT-1,2.CRko.sg_hDMD-INTRON_2.DMD-INTRON
TAGATCGAGTCGCTAT-1,4.CRko.sg_hRELA_3.RELA
TAGCACACAATGAACA-1,4.CRko.sg_hTAB1_7.TAB1
TAGCACATCCAACTGA-1,4.CRko.sg_hCHUK_5.CHUK
TAGGAGGAGCTGACAG-1,No Protospacer
TAGGAGGAGCTTGTGT-1,1.CRko.sg_Neg_Control_Human_GA_0486.Neg_Control_Human
TAGGGTTAGTCTAGAA-1,2.CRko.sg_hCHAT-INTRON_4.CHAT-INTRON
TAGGGTTTCACCATCC-1,4.CRko.sg_hIKBKG_3.IKBKG
TAGGGTTTCCAAGCAT-1,Multi Protospacers
TAGGTACCAGCGTGAA-1,2.CRko.sg_hCHAT-INTRON_1.CHAT-INTRON
TAGGTACCATCGAACT-1,4.CRko.sg_hTAB1_4.TAB1
TAGGTACGTACTAAGA-1,2.CRko.sg_hREEP5-INTRON_3.REEP5-INTRON
TAGGTTGGTCTATGAC-1,No Protospacer
TAGGTTGTCAGCTTCC-1,4.CRko.sg_hSMPD1_2.SMPD1
TAGTGCAAGGTTCATC-1,Multi Protospacers
TAGTGCATCAACGAGG-1,No Protospacer
TATACCTTCCATTTCA-1,4.CRko.sg_hIKBKG_5.IKBKG
TATATCCAGCCGGAAT-1,4.CRko.sg_hCHUK_1.CHUK
TATCAGGAGACGTCCC-1,4.CRko.sg_hTNFRSF1A_2.TNFRSF1A
TATCAGGAGCTCGAAG-1,2.CRko.sg_hREEP5-INTRON_8.REEP5-INTRON
TATCCTAAGCCTGCCA-1,1.CRko.sg_Neg_Control_Human_GA_0494.Neg_Control_Human
TATCCTAAGTGAGGCT-1,4.CRko.sg_hIKBKG_6.IKBKG
TATCCTAAGTGTCATC-1,No Protospacer
TATCGCCAGGGCCCTT-1,4.CRko.sg_hSMPD1_3.SMPD1
TATCGCCTCTGCGGCA-1,2.CRko.sg_hCHAT-INTRON_4.CHAT-INTRON
TATCGCCTCTTGCAGA-1,1.CRko.sg_Neg_Control_Human_GA_0496.Neg_Control_Human
TATCTTGAGCGCTGAA-1,4.CRko.sg_hSMPD1_8.SMPD1
TATCTTGCAAATGGAT-1,Multi Protospacers
TATGTTCTCCTGCCAT-1,No Protospacer
TATTCCAAGCGAATGC-1,1.CRko.sg_Neg_Control_Human_GA_0499.Neg_Control_Human
TATTGGGGTCTTCCGT-1,4.CRko.sg_hTAB1_1.TAB1
TATTTCGTCAACGCTA-1,Multi Protospacers
TCAAGACTCCACAGGC-1,1.CRko.sg_Neg_Control_Human_GA_0490.Neg_Control_Human
TCAAGCAAGATGTTAG-1,1.CRko.sg_Neg_Control_Human_GA_0485.Neg_Control_Human
TCAAGCAGTGAACTAA-1,2.CRko.sg_hCHAT-INTRON_1.CHAT-INTRON
TCAAGTGTCAACCCGG-1,Multi Protospacers
TCAATCTAGTCCCTAA-1,4.CRko.sg_hCHUK_2.CHUK
TCAATTCTCCGCATAA-1,1.CRko.sg_Neg_Control_Human_GA_0495.Neg_Control_Human
TCACACCAGTCAACAA-1,1.CRko.sg_Neg_Control_Human_GA_0489.Neg_Control_Human
TCACGCTAGATGCTAA-1,No Protospacer
TCACGCTAGTCCCTAA-1,2.CRko.sg_hCHAT-INTRON_1.CHAT-INTRON
TCACGGGGTGCATACT-1,4.CRko.sg_hCHUK_5.CHUK
TCACTATCACAGTGAG-1,4.CRko.sg_hTNFRSF1A_7.TNFRSF1A
TCACTCGGTCTAGGTT-1,No Protospacer
TCACTCGGTGAGTTTC-1,2.CRko.sg_hREEP5-INTRON_3.REEP5-INTRON
TCACTCGGTGTCCACG-1,2.CRko.sg_hDMD-INTRON_4.DMD-INTRON
TCAGCAAAGGCTCAAG-1,2.CRko.sg_hCHAT-INTRON_7.CHAT-INTRON
TCAGCAAAGTGTCATC-1,2.CRko.sg_hALAS1-INTRON_1.ALAS1-INTRON
TCAGCAACAACAGATA-1,4.CRko.sg_hCHUK_3.CHUK
TCAGCCTTCTTACCAT-1,4.CRko.sg_hTAB1_1.TAB1
TCAGGGCGTCGGCACT-1,Multi Protospacers
TCAGGGCTCAGACAAA-1,No Protospacer
TCAGGTAGTAGGGTAC-1,4.CRko.sg_hRELA_7.RELA
TCAGTCCCATTCAGCA-1,1.CRko.sg_Neg_Control_Human_GA_0485.Neg_Control_Human
TCAGTGACACTGTCGG-1,4.CRko.sg_hIKBKG_8.IKBKG
TCAGTTTGTAGATTAG-1,Multi Protospacers
TCAGTTTGTGGACAGT-1,No Protospacer
TCATATCCACAAGCAG-1,1.CRko.sg_Neg_Control_Human_GA_0491.Neg_Control_Human
TCATATCGTGACAGGT-1,4.CRko.sg_hIKBKG_6.IKBKG
TCATCATCACGCTGCA-1,4.CRko.sg_hCHUK_4.CHUK
TCATCCGTCTATCACT-1,1.CRko.sg_Neg_Control_Human_GA_0493.Neg_Control_Human
TCATGAGCAGCGACAA-1,4.CRko.sg_hCHUK_3.CHUK
TCATGGAAGGAAGTAG-1,No Protospacer
TCATGGAGTACCAGAG-1,4.CRko.sg_hTNFRSF1A_8.TNFRSF1A
TCATGTTCAGACTGCC-1,4.CRko.sg_hTNFRSF1A_3.TNFRSF1A
TCATTACAGCGTCAAG-1,2.CRko.sg_hREEP5-INTRON_8.REEP5-INTRON
TCATTACAGTAGCATA-1,No Protospacer
TCATTCACACCTGAAT-1,2.CRko.sg_hREEP5-INTRON_6.REEP5-INTRON
TCATTCAGTTATTCTC-1,No Protospacer
TCATTTGTCCTAGCGG-1,No Protospacer
TCCACGTCATCAGCTA-1,4.CRko.sg_hACTG1_3.ACTG1
TCCACGTTCCGTATAG-1,No Protospacer
TCCACGTTCTTTCAGT-1,4.CRko.sg_hRELA_6.RELA
TCCAGAAAGACATACA-1,4.CRko.sg_hTNFRSF1A_8.TNFRSF1A
TCCAGAAAGGAGGGTG-1,1.CRko.sg_Neg_Control_Human_GA_0490.Neg_Control_Human
TCCATCGGTAGCGATG-1,4.CRko.sg_hCHUK_1.CHUK
TCCATCGTCCTAAGTG-1,2.CRko.sg_hDMD-INTRON_4.DMD-INTRON
TCCATGCAGCACTAAA-1,4.CRko.sg_hTAB1_4.TAB1
TCCATGCAGTAATTGG-1,4.CRko.sg_hCHUK_1.CHUK
TCCCACACAGTTGTTG-1,1.CRko.sg_Neg_Control_Human_GA_0485.Neg_Control_Human
TCCCACATCTTAGCCC-1,1.CRko.sg_Neg_Control_Human_GA_0487.Neg_Control_Human
TCCCAGTGTGCTCTTC-1,Multi Protospacers
TCCCAGTGTGGATCGA-1,4.CRko.sg_hTAB1_8.TAB1
TCCCATGGTTCGAGCC-1,2.CRko.sg_hDMD-INTRON_6.DMD-INTRON
TCCCATGTCGGTAGAG-1,No Protospacer
TCCGAAAAGTAGCTCT-1,No Protospacer
TCCGAAAAGTCACTCA-1,4.CRko.sg_hCHUK_8.CHUK
TCCGAAACATGGTACT-1,No Protospacer
TCCGATCCAAGTTCCA-1,No Protospacer
TCCGATCGTTCGAAGG-1,1.CRko.sg_Neg_Control_Human_GA_0499.Neg_Control_Human
TCCGGGAGTCATCGGC-1,4.CRko.sg_hACTG1_2.ACTG1
TCCGTGTCAAACCACT-1,Multi Protospacers
TCCTAATCATACTGAC-1,2.CRko.sg_hREEP5-INTRON_3.REEP5-INTRON
TCCTAATTCAAGATAG-1,2.CRko.sg_hREEP5-INTRON_6.REEP5-INTRON
TCCTAATTCCCGAACG-1,4.CRko.sg_hRELA_3.RELA
TCCTCCCAGCGTTACT-1,2.CRko.sg_hCHAT-INTRON_8.CHAT-INTRON
TCCTCCCAGGAAGTCC-1,4.CRko.sg_hCHUK_3.CHUK
TCCTCCCGTGATTCTG-1,No Protospacer
TCCTCGACACCGGCTA-1,No Protospacer
TCCTCGAGTCTCAGGC-1,4.CRko.sg_hTAB1_2.TAB1
TCCTCGAGTTAGCGGA-1,1.CRko.sg_Neg_Control_Human_GA_0498.Neg_Control_Human
TCCTCGATCCCTCTTT-1,No Protospacer
TCCTCTTGTAGACTGG-1,2.CRko.sg_hREEP5-INTRON_8.REEP5-INTRON
TCCTCTTGTCTCACAA-1,2.CRko.sg_hALAS1-INTRON_2.ALAS1-INTRON
TCCTGCAAGGCATCAG-1,No Protospacer
TCCTGCAAGGTCCTGC-1,4.CRko.sg_hRELA_3.RELA
TCCTGCATCCGATCTC-1,4.CRko.sg_hCHUK_4.CHUK
TCCTTTCAGCCTGAAG-1,4.CRko.sg_hACTG1_5.ACTG1
TCCTTTCCACTTCAAG-1,2.CRko.sg_hALAS1-INTRON_4.ALAS1-INTRON
TCCTTTCGTTGGTGTT-1,4.CRko.sg_hTNFRSF1A_2.TNFRSF1A
TCGAACACATAAGCAA-1,2.CRko.sg_hDMD-INTRON_2.DMD-INTRON
TCGAACACATCGGTTA-1,4.CRko.sg_hSMPD1_2.SMPD1
TCGAACATCAGCCTTC-1,1.CRko.sg_Neg_Control_Human_GA_0495.Neg_Control_Human
TCGAACATCCCGTGAG-1,4.CRko.sg_hACTG1_7.ACTG1
TCGAAGTAGCAACAGC-1,2.CRko.sg_hREEP5-INTRON_6.REEP5-INTRON
TCGAAGTGTACGATTC-1,4.CRko.sg_hTAB1_2.TAB1
TCGACGGTCTTCGGTC-1,No Protospacer
TCGCACTGTCTACTGA-1,4.CRko.sg_hACTG1_8.ACTG1
TCGCACTGTGCCCTTT-1,No Protospacer
TCGCAGGCAATCACGT-1,No Protospacer
TCGCAGGCATGTACGT-1,2.CRko.sg_hCHAT-INTRON_5.CHAT-INTRON
TCGCTCATCGGTAGAG-1,No Protospacer
TCGCTTGAGGGTGAGG-1,No Protospacer
TCGCTTGAGTGGAATT-1,No Protospacer
TCGCTTGTCGATTTCT-1,No Protospacer
TCGGATATCTTTGGAG-1,1.CRko.sg_Neg_Control_Human_GA_0499.Neg_Control_Human
TCGGGCAAGACCAAAT-1,2.CRko.sg_hREEP5-INTRON_5.REEP5-INTRON
TCGGGCACAATTTCGG-1,No Protospacer
TCGGGCACACTAACCA-1,1.CRko.sg_Neg_Control_Human_GA_0493.Neg_Control_Human
TCGGGCAGTGAGAGGG-1,4.CRko.sg_hSMPD1_5.SMPD1
TCGGTCTCAAAGCTCT-1,No Protospacer
TCGTAGAGTACAAGCG-1,1.CRko.sg_Neg_Control_Human_GA_0485.Neg_Control_Human
TCGTCCAAGAAATTGC-1,No Protospacer
TCGTGCTAGGATTTAG-1,No Protospacer
TCGTGCTAGTGATAGT-1,4.CRko.sg_hCHUK_6.CHUK
TCGTGCTGTACAAGTA-1,4.CRko.sg_hSMPD1_8.SMPD1
TCGTGGGAGTCTGTAC-1,4.CRko.sg_hRELA_3.RELA
TCGTGGGCAATACCTG-1,1.CRko.sg_Neg_Control_Human_GA_0498.Neg_Control_Human
TCGTGGGCATCCTATT-1,No Protospacer
TCTAACTCATCTCATT-1,No Protospacer
TCTACCGAGAAGGATG-1,No Protospacer
TCTATACGTTGTTGCA-1,2.CRko.sg_hALAS1-INTRON_8.ALAS1-INTRON
TCTCACGGTTGTCTAG-1,1.CRko.sg_Neg_Control_Human_GA_0499.Neg_Control_Human
TCTCAGCAGATCCCAT-1,4.CRko.sg_hTNFRSF1A_4.TNFRSF1A
TCTCAGCAGGACTTCT-1,2.CRko.sg_hALAS1-INTRON_4.ALAS1-INTRON
TCTCAGCTCCAATCCC-1,4.CRko.sg_hCHUK_5.CHUK
TCTCCGAAGCCTCACG-1,4.CRko.sg_hSMPD1_2.SMPD1
TCTCCGATCCCGTGAG-1,1.CRko.sg_Neg_Control_Human_GA_0492.Neg_Control_Human
TCTGCCACACAGAAGC-1,4.CRko.sg_hTAB1_4.TAB1
TCTGCCAGTCTTACAG-1,No Protospacer
TCTGGCTTCCGTTTCG-1,2.CRko.sg_hALAS1-INTRON_8.ALAS1-INTRON
TCTGTCGCACCGTCTT-1,No Protospacer
TCTGTCGGTTCTCCAC-1,1.CRko.sg_Neg_Control_Human_GA_0489.Neg_Control_Human
TCTGTCGTCATTCGTT-1,1.CRko.sg_Neg_Control_Human_GA_0500.Neg_Control_Human
TCTTAGTCATACTGTG-1,4.CRko.sg_hSMPD1_5.SMPD1
TCTTCCTAGTGAATAC-1,1.CRko.sg_Neg_Control_Human_GA_0500.Neg_Control_Human
TCTTCCTCAGTTACCA-1,4.CRko.sg_hRELA_3.RELA
TCTTCCTGTTCTCCTG-1,No Protospacer
TCTTGCGCAGCGTGAA-1,No Protospacer
TCTTGCGGTACTCGAT-1,1.CRko.sg_Neg_Control_Human_GA_0485.Neg_Control_Human
TCTTTGATCGTCGCTT-1,No Protospacer
TGAATCGTCAACTACG-1,4.CRko.sg_hRELA_4.RELA
TGAATCGTCGGAGATG-1,2.CRko.sg_hREEP5-INTRON_3.REEP5-INTRON
TGAATGCCATTCAGGT-1,4.CRko.sg_hIKBKG_7.IKBKG
TGAATGCTCGCACTCT-1,No Protospacer
TGACCCTAGGGCCAAT-1,No Protospacer
TGACCCTTCTGCTGAA-1,4.CRko.sg_hCHUK_4.CHUK
TGACGCGAGCTTAAGA-1,4.CRko.sg_hRELA_7.RELA
TGACGCGCAACGGCCT-1,2.CRko.sg_hREEP5-INTRON_2.REEP5-INTRON
TGACTCCAGCCTCTGG-1,2.CRko.sg_hDMD-INTRON_7.DMD-INTRON
TGACTCCAGGTCATTC-1,No Protospacer
TGACTCCAGTGCCTCG-1,1.CRko.sg_Neg_Control_Human_GA_0489.Neg_Control_Human
TGACTCCTCGTGTGGC-1,Multi Protospacers
TGAGACTCAGTTTCGA-1,Multi Protospacers
TGAGACTCATTGCAAC-1,Multi Protospacers
TGAGACTGTGGCCCAT-1,4.CRko.sg_hIKBKG_1.IKBKG
TGAGCATCAGTGTACT-1,No Protospacer
TGAGCGCGTACTGACT-1,2.CRko.sg_hALAS1-INTRON_1.ALAS1-INTRON
TGAGGAGCACAGTCGC-1,2.CRko.sg_hDMD-INTRON_5.DMD-INTRON
TGAGGAGGTACAGTCT-1,2.CRko.sg_hALAS1-INTRON_5.ALAS1-INTRON
TGAGGAGGTGGCTGCT-1,Multi Protospacers
TGAGGTTAGATTTGCC-1,Multi Protospacers
TGAGGTTAGCGTATAA-1,1.CRko.sg_Neg_Control_Human_GA_0497.Neg_Control_Human
TGAGGTTCAGGGACTA-1,No Protospacer
TGAGGTTGTCCGTTTC-1,4.CRko.sg_hTAB1_7.TAB1
TGAGTCAAGTCATACC-1,2.CRko.sg_hALAS1-INTRON_3.ALAS1-INTRON
TGAGTCACATGAATAG-1,No Protospacer
TGAGTCATCTCTTAAC-1,Multi Protospacers
TGATCTTAGGTGCAGT-1,4.CRko.sg_hCHUK_8.CHUK
TGATCTTCAGTGTACT-1,4.CRko.sg_hTNFRSF1A_1.TNFRSF1A
TGATCTTGTGGGACAT-1,No Protospacer
TGATCTTGTGGTAACG-1,1.CRko.sg_Neg_Control_Human_GA_0487.Neg_Control_Human
TGATGCACAGGGCTTC-1,4.CRko.sg_hIKBKG_6.IKBKG
TGATGCATCGCGATCG-1,4.CRko.sg_hACTG1_1.ACTG1
TGATGGTAGATACGAT-1,4.CRko.sg_hTAB1_3.TAB1
TGATTCTAGCAGCACA-1,2.CRko.sg_hDMD-INTRON_1.DMD-INTRON
TGATTCTAGGGATCGT-1,4.CRko.sg_hSMPD1_6.SMPD1
TGATTCTCAGAAGTTA-1,4.CRko.sg_hTNFRSF1A_4.TNFRSF1A
TGATTCTGTGACTCGC-1,4.CRko.sg_hSMPD1_8.SMPD1
TGATTCTGTTGCAACT-1,4.CRko.sg_hTAB1_7.TAB1
TGATTCTTCACCTCGT-1,No Protospacer
TGATTCTTCCACAGCG-1,1.CRko.sg_Neg_Control_Human_GA_0486.Neg_Control_Human
TGATTTCAGTCTGCAT-1,4.CRko.sg_hTNFRSF1A_1.TNFRSF1A
TGATTTCAGTGGTTAA-1,4.CRko.sg_hTNFRSF1A_1.TNFRSF1A
TGATTTCGTCTACAGT-1,Multi Protospacers
TGATTTCTCTTCCCGA-1,No Protospacer
TGCACGGGTTGAAGTA-1,4.CRko.sg_hTAB1_7.TAB1
TGCAGATAGCTTACGT-1,4.CRko.sg_hSMPD1_6.SMPD1
TGCAGATTCACCCTCA-1,1.CRko.sg_Neg_Control_Human_GA_0487.Neg_Control_Human
TGCAGGCCAACTAGAA-1,2.CRko.sg_hCHAT-INTRON_5.CHAT-INTRON
TGCAGGCCAAGTGATA-1,1.CRko.sg_Neg_Control_Human_GA_0487.Neg_Control_Human
TGCAGGCGTTGGCTAT-1,No Protospacer
TGCAGGCTCATCCTAT-1,Multi Protospacers
TGCATGAGTGGGATTG-1,No Protospacer
TGCCGAGCACGGAAGT-1,4.CRko.sg_hRELA_5.RELA
TGCCGAGGTATTCCGA-1,Multi Protospacers
TGCGACGCAGTCGAGA-1,1.CRko.sg_Neg_Control_Human_GA_0491.Neg_Control_Human
TGCGATAAGCTCGTGC-1,No Protospacer
TGCGGCAAGATCCCAT-1,No Protospacer
TGCGGCACAAGCAATA-1,2.CRko.sg_hCHAT-INTRON_7.CHAT-INTRON
TGCGGCACATGTTACG-1,4.CRko.sg_hTAB1_4.TAB1
TGCGGCAGTATGGAAT-1,4.CRko.sg_hSMPD1_6.SMPD1
TGCTCCAGTCAGTCGC-1,2.CRko.sg_hDMD-INTRON_6.DMD-INTRON
TGCTCGTAGTCAGGGT-1,1.CRko.sg_Neg_Control_Human_GA_0496.Neg_Control_Human
TGCTGAAAGCGGGTTA-1,2.CRko.sg_hREEP5-INTRON_7.REEP5-INTRON
TGCTTGCCAGGTTTAC-1,4.CRko.sg_hSMPD1_1.SMPD1
TGCTTGCTCAGCTTGA-1,No Protospacer
TGGAACTGTCGTTCAA-1,4.CRko.sg_hTNFRSF1A_3.TNFRSF1A
TGGAGAGGTGGAACCA-1,4.CRko.sg_hIKBKG_6.IKBKG
TGGAGGAGTTGCATCA-1,1.CRko.sg_Neg_Control_Human_GA_0496.Neg_Control_Human
TGGATCACATATACCG-1,No Protospacer
TGGATCAGTGATTCTG-1,No Protospacer
TGGATCATCTCGCTCA-1,4.CRko.sg_hTNFRSF1A_6.TNFRSF1A
TGGATGTCACTAGGTT-1,Multi Protospacers
TGGATGTGTGGGCTTC-1,Multi Protospacers
TGGCGTGAGAGTATAC-1,4.CRko.sg_hTAB1_1.TAB1
TGGCGTGAGTTCATGC-1,No Protospacer
TGGCGTGCAGAGACTG-1,4.CRko.sg_hIKBKG_7.IKBKG
TGGGAAGAGAAACTAC-1,No Protospacer
TGGGAAGTCACCTCTG-1,1.CRko.sg_Neg_Control_Human_GA_0494.Neg_Control_Human
TGGGATTCAAGCGATG-1,4.CRko.sg_hRELA_5.RELA
TGGGATTGTAAGCTCT-1,No Protospacer
TGGGATTTCGACGCGT-1,No Protospacer
TGGGCGTAGCCGATAG-1,1.CRko.sg_Neg_Control_Human_GA_0486.Neg_Control_Human
TGGGCGTAGTAGCCAG-1,Multi Protospacers
TGGGCGTCAAGGTCGA-1,1.CRko.sg_Neg_Control_Human_GA_0487.Neg_Control_Human
TGGGCGTCACTACTTT-1,4.CRko.sg_hTAB1_3.TAB1
TGGGCTGGTGTCATTG-1,2.CRko.sg_hCHAT-INTRON_4.CHAT-INTRON
TGGGTTAAGATAGCAT-1,4.CRko.sg_hACTG1_2.ACTG1
TGGGTTACAAGCGAGT-1,4.CRko.sg_hTAB1_1.TAB1
TGGTACACACGCTGCA-1,4.CRko.sg_hSMPD1_1.SMPD1
TGGTACAGTCTGCGCA-1,4.CRko.sg_hTNFRSF1A_1.TNFRSF1A
TGGTACATCGGCGATC-1,No Protospacer
TGGTGATTCACGTAGT-1,4.CRko.sg_hTAB1_3.TAB1
TGGTTAGAGCCTATCA-1,4.CRko.sg_hIKBKG_8.IKBKG
TGGTTAGCAACGTTAC-1,2.CRko.sg_hDMD-INTRON_5.DMD-INTRON
TGTAAGCAGGCGAAGG-1,No Protospacer
TGTACAGAGTCATCCA-1,1.CRko.sg_Neg_Control_Human_GA_0486.Neg_Control_Human
TGTACAGAGTGGTGAC-1,Multi Protospacers
TGTACAGCAGGAGACT-1,2.CRko.sg_hDMD-INTRON_7.DMD-INTRON
TGTAGACGTATGCGGA-1,Multi Protospacers
TGTAGACGTTGACGGA-1,1.CRko.sg_Neg_Control_Human_GA_0493.Neg_Control_Human
TGTCAGACAGGCGAAT-1,No Protospacer
TGTCAGAGTCCGAAAG-1,4.CRko.sg_hIKBKG_8.IKBKG
TGTCCACAGCTGACTT-1,No Protospacer
TGTCCACCAGGTGACA-1,2.CRko.sg_hALAS1-INTRON_2.ALAS1-INTRON
TGTCCACTCGAGAGAC-1,4.CRko.sg_hTNFRSF1A_8.TNFRSF1A
TGTCCACTCGTGTGGC-1,4.CRko.sg_hSMPD1_7.SMPD1
TGTCCCACACGCGTGT-1,1.CRko.sg_Neg_Control_Human_GA_0490.Neg_Control_Human
TGTCCCACATAATCCG-1,2.CRko.sg_hREEP5-INTRON_7.REEP5-INTRON
TGTGATGCAGGCGTTC-1,4.CRko.sg_hACTG1_4.ACTG1
TGTGCGGCATCCGCGA-1,2.CRko.sg_hREEP5-INTRON_4.REEP5-INTRON
TGTGCGGGTAGCTGTT-1,4.CRko.sg_hTNFRSF1A_7.TNFRSF1A
TGTGCGGTCCTCACGT-1,1.CRko.sg_Neg_Control_Human_GA_0491.Neg_Control_Human
TGTTACTCACAGTGAG-1,4.CRko.sg_hSMPD1_8.SMPD1
TGTTCATCAACCCTCT-1,No Protospacer
TGTTCTAAGATCCGAG-1,4.CRko.sg_hTNFRSF1A_5.TNFRSF1A
TGTTCTAAGTATGGCG-1,No Protospacer
TGTTCTAAGTTGTAAG-1,Multi Protospacers
TGTTCTAGTACATACC-1,4.CRko.sg_hSMPD1_4.SMPD1
TGTTCTAGTCGGTAAG-1,2.CRko.sg_hDMD-INTRON_5.DMD-INTRON
TGTTCTATCTGTTGGA-1,1.CRko.sg_Neg_Control_Human_GA_0500.Neg_Control_Human
TGTTGAGGTTAGAAAC-1,No Protospacer
TGTTGGATCTTCCAGC-1,Multi Protospacers
TGTTTGTGTCACTCGG-1,4.CRko.sg_hRELA_4.RELA
TGTTTGTTCCGTGGTG-1,No Protospacer
TTAATCCAGTGGGAAA-1,4.CRko.sg_hRELA_1.RELA
TTACGCCCAAGACCTT-1,1.CRko.sg_Neg_Control_Human_GA_0487.Neg_Control_Human
TTACGCCCACGTCTCT-1,4.CRko.sg_hTAB1_1.TAB1
TTACGCCGTTACACAC-1,4.CRko.sg_hTAB1_1.TAB1
TTACGCCTCGCCGTGA-1,4.CRko.sg_hCHUK_2.CHUK
TTACTGTGTCGCTGCA-1,No Protospacer
TTAGGCAAGCGTTCCG-1,2.CRko.sg_hREEP5-INTRON_6.REEP5-INTRON
TTAGGCAGTTGTCCCT-1,Multi Protospacers
TTAGGGTGTTCAAGGG-1,No Protospacer
TTAGTCTTCCGTATGA-1,4.CRko.sg_hRELA_3.RELA
TTCAATCCAGAAGCGT-1,4.CRko.sg_hTAB1_2.TAB1
TTCAATCCATGGATCT-1,4.CRko.sg_hSMPD1_7.SMPD1
TTCAATCGTCTTGAGT-1,4.CRko.sg_hCHUK_2.CHUK
TTCAATCTCTTAATCC-1,4.CRko.sg_hTAB1_5.TAB1
TTCACCGGTCTAGATC-1,1.CRko.sg_Neg_Control_Human_GA_0497.Neg_Control_Human
TTCACGCAGGCAGGTT-1,2.CRko.sg_hREEP5-INTRON_5.REEP5-INTRON
TTCACGCCAGCTCATA-1,No Protospacer
TTCACGCCAGGAACCA-1,4.CRko.sg_hTNFRSF1A_7.TNFRSF1A
TTCACGCCATCATCTT-1,No Protospacer
TTCATGTGTAGTGGCA-1,4.CRko.sg_hSMPD1_1.SMPD1
TTCATTGCAATAGGAT-1,2.CRko.sg_hREEP5-INTRON_4.REEP5-INTRON
TTCATTGCACCGTGCA-1,4.CRko.sg_hSMPD1_3.SMPD1
TTCATTGTCCCTTGGT-1,2.CRko.sg_hALAS1-INTRON_7.ALAS1-INTRON
TTCATTGTCCGCACTT-1,No Protospacer
TTCCAATCAAGAGATT-1,4.CRko.sg_hIKBKG_8.IKBKG
TTCCAATCAGTAGAGC-1,4.CRko.sg_hTNFRSF1A_2.TNFRSF1A
TTCCAATGTTGCAAGG-1,No Protospacer
TTCCACGAGTTCATGC-1,4.CRko.sg_hTNFRSF1A_5.TNFRSF1A
TTCCACGTCAACGCTA-1,4.CRko.sg_hRELA_1.RELA
TTCCGGTCACCCATAA-1,1.CRko.sg_Neg_Control_Human_GA_0494.Neg_Control_Human
TTCCGGTCACCGCTAG-1,2.CRko.sg_hALAS1-INTRON_4.ALAS1-INTRON
TTCCGTGCAGCTACCG-1,1.CRko.sg_Neg_Control_Human_GA_0498.Neg_Control_Human
TTCCTCTAGAGTCACG-1,4.CRko.sg_hRELA_2.RELA
TTCCTCTAGATGCGAC-1,No Protospacer
TTCCTCTGTGCCTAAT-1,1.CRko.sg_Neg_Control_Human_GA_0492.Neg_Control_Human
TTCCTTCCAAGGGCAT-1,Multi Protospacers
TTCCTTCGTAGGTACG-1,4.CRko.sg_hACTG1_5.ACTG1
TTCGATTAGGTGCCTC-1,4.CRko.sg_hTNFRSF1A_2.TNFRSF1A
TTCGATTGTTAGAAAC-1,2.CRko.sg_hREEP5-INTRON_6.REEP5-INTRON
TTCGCTGAGTTGCCTA-1,No Protospacer
TTCGCTGCATTACTCT-1,2.CRko.sg_hDMD-INTRON_3.DMD-INTRON
TTCGCTGGTTGGGATG-1,No Protospacer
TTCGGTCGTATGTCCA-1,No Protospacer
TTCGGTCTCTGGGCAC-1,No Protospacer
TTCTAGTTCTGTGCTC-1,No Protospacer
TTCTCTCAGACTACCT-1,4.CRko.sg_hACTG1_8.ACTG1
TTCTCTCAGCGCCTCA-1,2.CRko.sg_hALAS1-INTRON_3.ALAS1-INTRON
TTCTGTATCTCCCATG-1,1.CRko.sg_Neg_Control_Human_GA_0495.Neg_Control_Human
TTCTTCCAGCAGCAGT-1,4.CRko.sg_hIKBKG_3.IKBKG
TTCTTGACACTACAGT-1,4.CRko.sg_hCHUK_1.CHUK
TTGAACGGTTAGGAGC-1,2.CRko.sg_hREEP5-INTRON_5.REEP5-INTRON
TTGAACGTCATTGCCC-1,4.CRko.sg_hACTG1_2.ACTG1
TTGAACGTCTCGGCTT-1,No Protospacer
TTGACCCAGTGGATTA-1,2.CRko.sg_hCHAT-INTRON_6.CHAT-INTRON
TTGAGTGGTCCAGGTC-1,1.CRko.sg_Neg_Control_Human_GA_0491.Neg_Control_Human
TTGATGGGTCAGACTT-1,2.CRko.sg_hREEP5-INTRON_1.REEP5-INTRON
TTGCATTAGAAGCGAA-1,2.CRko.sg_hALAS1-INTRON_5.ALAS1-INTRON
TTGCATTAGTTTCGAC-1,2.CRko.sg_hDMD-INTRON_7.DMD-INTRON
TTGCCTGTCGGAGCAA-1,4.CRko.sg_hTNFRSF1A_4.TNFRSF1A
TTGCGTCAGAGAGGGC-1,4.CRko.sg_hTAB1_2.TAB1
TTGGGCGTCGGTGTTA-1,4.CRko.sg_hRELA_7.RELA
TTGGGTAGTGAGATTA-1,4.CRko.sg_hTNFRSF1A_7.TNFRSF1A
TTGGGTATCACAAGAA-1,4.CRko.sg_hIKBKG_8.IKBKG
TTGGTTTGTATTAAGG-1,No Protospacer
TTGGTTTGTCAGTTTG-1,4.CRko.sg_hRELA_6.RELA
TTGTGGAAGGTTGGAC-1,1.CRko.sg_Neg_Control_Human_GA_0497.Neg_Control_Human
TTGTGGAGTCCACTCT-1,No Protospacer
TTGTGTTGTACGATCT-1,2.CRko.sg_hDMD-INTRON_7.DMD-INTRON
TTGTTCAAGCACAAAT-1,Multi Protospacers
TTGTTCAAGGCGTCCT-1,No Protospacer
TTGTTGTAGGGAGATA-1,2.CRko.sg_hALAS1-INTRON_5.ALAS1-INTRON
TTGTTGTAGTATGAGT-1,1.CRko.sg_Neg_Control_Human_GA_0492.Neg_Control_Human
TTGTTGTCACCAAATC-1,4.CRko.sg_hTAB1_7.TAB1
TTGTTGTCACCAGCGT-1,1.CRko.sg_Neg_Control_Human_GA_0499.Neg_Control_Human
TTGTTGTCACTGCACG-1,No Protospacer
TTGTTGTTCAGGCGAA-1,No Protospacer
TTGTTTGTCCTGGGTG-1,1.CRko.sg_Neg_Control_Human_GA_0485.Neg_Control_Human
TTTACCAAGTGACACG-1,No Protospacer
TTTACGTGTGCAATAA-1,No Protospacer
TTTACGTTCCGCAGTG-1,Multi Protospacers
TTTACTGTCGTGGGAA-1,4.CRko.sg_hSMPD1_5.SMPD1
TTTAGTCTCTAGACAC-1,2.CRko.sg_hALAS1-INTRON_8.ALAS1-INTRON
TTTATGCCAGCCTATA-1,No Protospacer
TTTCACAGTCTCGACG-1,4.CRko.sg_hTAB1_4.TAB1
TTTCAGTCACCTCAGG-1,No Protospacer
TTTCCTCAGAGCCCAA-1,1.CRko.sg_Neg_Control_Human_GA_0493.Neg_Control_Human
TTTCCTCGTTGCGTAT-1,No Protospacer
TTTCGATAGTTCTCTT-1,No Protospacer
TTTCGATCAAAGGCTG-1,No Protospacer
TTTCGATCACGTCATA-1,4.CRko.sg_hCHUK_7.CHUK
TTTGACTAGCTGTACT-1,No Protospacer
TTTGACTCAAGTCGTT-1,No Protospacer
TTTGACTTCTGAGAGG-1,4.CRko.sg_hSMPD1_1.SMPD1
TTTGGAGAGCGCGTTC-1,No Protospacer
TTTGGAGCAGGCATGA-1,No Protospacer
TTTGTTGGTTCGGACC-1,2.CRko.sg_hALAS1-INTRON_3.ALAS1-INTRON
TTTGTTGGTTCTCGCT-1,No Protospacer
TTTGTTGTCAAGCCCG-1,4.CRko.sg_hTAB1_3.TAB1
