Barcode,CRISPR
AAACCCACAGCTAACT-1,DMD-INTRON
AAACCCAGTTGTTGAC-1,
AAACGCTAGTGGAAGA-1,
AAACGCTCATGTTCAG-1,ACTG1
AAACGCTGTAGCCCTG-1,
AAAGAACAGTTGTACC-1,
AAAGAACTCCATCACC-1,
AAAGGATGTCATACCA-1,
AAAGGATTCTGAGAGG-1,
AAAGGTACAACAGCTT-1,
AAAGTCCTCTAATTCC-1,
AAAGTGAAGGTTGCCC-1,RELA
AAAGTGAGTTCTCGCT-1,RELA
AAATGGAAGCAAACAT-1,SMPD1
AAATGGAAGGGAGTGG-1,CHUK
AAATGGAGTTAGTTCG-1,TAB1
AACAACCTCGAGATGG-1,RELA
AACAAGAAGCGCATCC-1,
AACACACAGGATACAT-1,RELA
AACACACCAACACAGG-1,ALAS1-INTRON
AACACACTCCTGTTAT-1,
AACACACTCTGATTCT-1,IKBKG
AACAGGGAGACATCAA-1,
AACCAACAGACAGTCG-1,Neg_Control_Human
AACCAACAGTAGGAAG-1,TAB1
AACCAACGTTCTCACC-1,Neg_Control_Human
AACCAACTCTGGTGCG-1,
AACCACAAGCCGATCC-1,
AACCATGAGCCTCTCT-1,IKBKG
AACCATGCATAGAGGC-1,REEP5-INTRON
AACCCAAAGTCAGAGC-1,
AACCTGAAGAAATTGC-1,
AACCTGAAGGTGCATG-1,REEP5-INTRON
AACCTGACAGTCCCGA-1,DMD-INTRON
AACCTGAGTCCCAAAT-1,TNFRSF1A
AACCTGAGTGGTTTAC-1,SMPD1
AACCTTTAGAGTCTTC-1,
AACCTTTAGTCCGCCA-1,
AACCTTTCAATTGCCA-1,Neg_Control_Human
AACCTTTCAATTGCGT-1,CHUK
AACCTTTCAGCTGAAG-1,
AACCTTTGTGGCTCTG-1,TNFRSF1A
AACCTTTTCTATACTC-1,
AACGAAAAGACCCGCT-1,
AACGGGAAGCGACTGA-1,SMPD1
AACGGGAAGGTTCCGC-1,
AACGGGACATCCCACT-1,
AACGGGACATTAAGCC-1,CHAT-INTRON
AACGTCAGTCCCTCAT-1,TNFRSF1A
AACTTCTAGACAGTCG-1,Neg_Control_Human
AACTTCTAGCACCCAC-1,REEP5-INTRON
AAGAACAGTGAGTTTC-1,
AAGACTCTCGTGTGAT-1,CHUK
AAGATAGCAGCACGAA-1,
AAGATAGCATAATGCC-1,DMD-INTRON
AAGATAGGTCGAGCAA-1,IKBKG
AAGATAGGTTGTGTAC-1,Neg_Control_Human
AAGATAGTCAGTGGGA-1,
AAGCATCAGATAGCAT-1,
AAGCATCAGGTCTACT-1,ALAS1-INTRON
AAGCATCAGTCCTGCG-1,SMPD1
AAGCATCCAGACTGCC-1,RELA
AAGCCATAGACCTCCG-1,ALAS1-INTRON
AAGCCATCAAGGCTTT-1,
AAGCGTTCACTACCCT-1,REEP5-INTRON
AAGCGTTCATGGCGCT-1,Neg_Control_Human
AAGCGTTTCGACGTCG-1,REEP5-INTRON
AAGGAATCACCCGTAG-1,
AAGTACCAGCGACTTT-1,TAB1
AAGTACCAGGTTCCAT-1,Neg_Control_Human
AAGTCGTTCAGCCTTC-1,CHUK
AAGTCGTTCCTCGCAT-1,
AAGTGAACAAGTACCT-1,
AAGTGAAGTTGTTGCA-1,
AAGTTCGTCAAGAAAC-1,CHUK
AAGTTCGTCATGGATC-1,
AATAGAGAGACATGCG-1,Neg_Control_Human
AATAGAGAGCCTGGAA-1,SMPD1
AATAGAGAGTCATGGG-1,Neg_Control_Human
AATAGAGGTAAGAACT-1,
AATAGAGGTAGCGCTC-1,
AATAGAGTCCATATGG-1,
AATCGACGTTGAGAGC-1,TAB1
AATCGACTCGTCCATC-1,SMPD1
AATCGTGAGACGGTCA-1,Neg_Control_Human
AATCGTGTCTGTGCGG-1,SMPD1
AATGAAGAGATTACCC-1,Neg_Control_Human
AATGAAGGTATGAGAT-1,DMD-INTRON
AATGAAGTCGCACTCT-1,
AATGACCAGATAACGT-1,
AATGACCAGGCACTCC-1,TNFRSF1A
AATGACCCAGTGTACT-1,CHUK
AATGACCGTATCGTGT-1,CHAT-INTRON
AATGCCAAGACCATAA-1,RELA
AATGCCAAGCCATCCG-1,Neg_Control_Human
AATGCCAAGGACAGCT-1,
AATGCCACAGTGGTGA-1,
AATGCCAGTACAAAGT-1,
AATGGAACAACGCATT-1,SMPD1
AATGGAATCGCTCTAC-1,
AATGGCTAGCAAACAT-1,IKBKG
AATGGCTCAACTGCTA-1,DMD-INTRON
ACAACCACAAGCAGGT-1,CHUK
ACAACCAGTATGTCCA-1,TNFRSF1A
ACAAGCTGTTATAGAG-1,
ACACAGTAGACATAAC-1,TNFRSF1A
ACACCAACAGGCCTGT-1,TAB1
ACACCAAGTCCACTTC-1,
ACACCAATCATTTCCA-1,
ACACGCGAGACATGCG-1,RELA
ACACGCGAGTAGCAAT-1,IKBKG
ACACTGAAGCATGTTC-1,
ACACTGACACACACTA-1,
ACACTGATCACGGGAA-1,CHUK
ACAGAAAGTCCCACGA-1,
ACAGCCGAGACTTAAG-1,
ACAGCCGCATGTGGCC-1,
ACAGGGAAGGCCCACT-1,
ACAGGGAAGGTAGACC-1,
ACAGGGAGTTGGTGTT-1,DMD-INTRON
ACATCCCGTACGTACT-1,SMPD1
ACATCCCGTAGTCTTG-1,TNFRSF1A
ACATCCCTCTATCGCC-1,SMPD1
ACATCGAGTCTGGTTA-1,Neg_Control_Human
ACATCGATCCGTTGGG-1,SMPD1
ACATGCAAGGTTGACG-1,RELA
ACATGCATCACCTGGG-1,CHAT-INTRON
ACATGCATCCGCAACG-1,ACTG1
ACATTTCAGTAGGGTC-1,Neg_Control_Human
ACATTTCCATGCCGAC-1,CHAT-INTRON
ACCAAACTCGTGCAGC-1,Neg_Control_Human
ACCAACACAAGTCGTT-1,ALAS1-INTRON
ACCACAAAGAAGAACG-1,
ACCATTTAGCTCGGCT-1,TAB1
ACCATTTAGTGCAAAT-1,DMD-INTRON
ACCATTTCAGAGTAAT-1,TNFRSF1A
ACCATTTTCTGAGCAT-1,
ACCCAAACACTAAACC-1,TNFRSF1A
ACCCTCAAGCTTTCCC-1,TAB1
ACCCTCAGTGGAAGTC-1,REEP5-INTRON
ACCCTTGCATCGTTCC-1,
ACCCTTGGTCCAACGC-1,DMD-INTRON
ACCGTTCCAAGGTCGA-1,
ACCTACCCACTGTGAT-1,TNFRSF1A
ACCTGAAAGATGTAGT-1,CHAT-INTRON
ACCTGAAAGTGGCCTC-1,
ACCTGAATCTACTGAG-1,
ACCTGAATCTCGGTAA-1,
ACCTGTCCACGCGCTA-1,IKBKG
ACGATCACACTCCACT-1,
ACGATCACAGCTTCGG-1,ALAS1-INTRON
ACGATGTAGTATTCCG-1,CHUK
ACGCACGAGGTAAGAG-1,
ACGCACGCACACTTAG-1,
ACGCACGGTAGTGATA-1,
ACGCACGTCGATACGT-1,ACTG1
ACGGAAGAGGGCCTCT-1,TNFRSF1A
ACGGGTCAGCTGGAGT-1,TNFRSF1A
ACGGGTCAGGCCCACT-1,ACTG1
ACGGGTCCATTGCCGG-1,TAB1
ACGGTCGCACGGATCC-1,Neg_Control_Human
ACGGTCGGTCGAGCAA-1,Neg_Control_Human
ACGGTCGTCCGTAGTA-1,CHUK
ACGGTTAGTGCATGTT-1,
ACGGTTAGTTGTCATG-1,CHUK
ACGTAACGTAACAGTA-1,TNFRSF1A
ACGTAACTCTAGAACC-1,SMPD1
ACGTAACTCTATTCGT-1,CHUK
ACGTACACATGGAATA-1,
ACGTACACATTGTACG-1,
ACGTACAGTGAGTAGC-1,IKBKG
ACGTACATCCTACCGT-1,
ACGTACATCTGATGGT-1,
ACGTAGTAGCATGTTC-1,IKBKG
ACGTAGTCAGCTCGGT-1,ACTG1
ACGTCCTGTTCCGCTT-1,CHUK
ACGTTCCTCGGTATGT-1,IKBKG
ACTACGAAGGACTGGT-1,DMD-INTRON
ACTACGATCATTACTC-1,
ACTATCTAGATAGCTA-1,TAB1
ACTATCTAGCCAGAGT-1,IKBKG
ACTATCTCAATGCAAA-1,CHUK
ACTATCTTCGGCACTG-1,
ACTATCTTCTCATTAC-1,RELA
ACTATGGGTACTGGGA-1,REEP5-INTRON
ACTATGGGTTCCTTGC-1,IKBKG
ACTATTCAGGGAGGTG-1,TNFRSF1A
ACTATTCCAAGCTCTA-1,Neg_Control_Human
ACTATTCGTCCAAGAG-1,SMPD1
ACTATTCGTCTAGGCC-1,Neg_Control_Human
ACTATTCTCTGGCTGG-1,Neg_Control_Human
ACTCTCGCAGTCCCGA-1,
ACTCTCGTCTACCACC-1,Neg_Control_Human
ACTGATGAGACCAACG-1,
ACTGATGAGATCGCCC-1,IKBKG
ACTGATGCAACGAGGT-1,
ACTGATGTCCTACGAA-1,
ACTGATGTCTCTCTAA-1,
ACTGCAACACACGCCA-1,Neg_Control_Human
ACTGCAACATATGGCT-1,
ACTGCAATCCGTCAAA-1,IKBKG
ACTGTCCCACATTCTT-1,Neg_Control_Human
ACTGTCCCAGAACTAA-1,Neg_Control_Human
ACTGTCCGTGGTAACG-1,TAB1
ACTGTGAAGTCATGAA-1,CHUK
ACTTAGGAGTCTTCGA-1,REEP5-INTRON
ACTTAGGGTTTCGCTC-1,Neg_Control_Human
ACTTAGGTCAATCTTC-1,TAB1
ACTTATCGTATACCCA-1,CHAT-INTRON
ACTTATCTCCGCAGTG-1,TAB1
ACTTCCGAGAATAGTC-1,TAB1
ACTTCCGAGTCTCTGA-1,Neg_Control_Human
ACTTCCGAGTTGCCCG-1,Neg_Control_Human
ACTTTCAGTCTGTGAT-1,TAB1
ACTTTCAGTTTCGTAG-1,
ACTTTCATCGTCACCT-1,Neg_Control_Human
ACTTTGTCAATAGTAG-1,
ACTTTGTTCCTGGTCT-1,
AGAAATGTCACGGGCT-1,
AGAACCTAGCTGGAGT-1,
AGAACCTCAAATACAG-1,
AGAACCTCATGTGACT-1,CHUK
AGAACCTGTGCCTTTC-1,Neg_Control_Human
AGAAGCGTCGTAACCA-1,
AGAAGTAAGGAGTATT-1,
AGAAGTATCTAAACGC-1,
AGACAAAAGCACTCTA-1,
AGACAAACACACCTTC-1,Neg_Control_Human
AGACAAAGTAGACGTG-1,ALAS1-INTRON
AGACAAAGTCCATCTC-1,Neg_Control_Human
AGACAAAGTCGCGTTG-1,
AGACAAAGTCGTTCAA-1,TAB1
AGACAAAGTGTTATCG-1,REEP5-INTRON
AGACAAATCACTTGGA-1,IKBKG
AGACACTGTGGTGATG-1,SMPD1
AGACACTTCAGTCATG-1,TAB1
AGACAGGGTAACACCT-1,TAB1
AGACAGGGTCAGCGTC-1,
AGACAGGGTTGTGGAG-1,
AGACCATGTTGTTTGG-1,
AGACCCGAGCAACTCT-1,CHUK
AGACCCGCAATTGAAG-1,SMPD1
AGACTCACAACACGTT-1,TNFRSF1A
AGACTCACAATTTCCT-1,CHUK
AGACTCACACTAGAGG-1,Neg_Control_Human
AGACTCACAGCATGCC-1,REEP5-INTRON
AGACTCAGTGCAATAA-1,Neg_Control_Human
AGACTCATCACCTTAT-1,Neg_Control_Human
AGAGAATCAAGAATAC-1,
AGAGAATGTAATTAGG-1,
AGAGAGCAGACCTCAT-1,
AGAGAGCAGGGCAGGA-1,Neg_Control_Human
AGAGCAGGTTCCGCGA-1,REEP5-INTRON
AGAGCCCAGGTCACTT-1,
AGAGCCCAGTCATCCA-1,
AGATAGACAGAGGTAC-1,
AGATCCAAGTGGCCTC-1,RELA
AGATCCACATTCTCCG-1,Neg_Control_Human
AGATCCATCGCCCAGA-1,
AGATCGTAGACCTTTG-1,
AGATCGTAGCATTTGC-1,RELA
AGATCGTAGGTTGGTG-1,DMD-INTRON
AGATGAAAGGAACTAT-1,TAB1
AGATGAAAGGAATCGC-1,TNFRSF1A
AGATGAAGTGACATCT-1,CHAT-INTRON
AGATGCTTCGCAATTG-1,ALAS1-INTRON
AGCATCAAGTCTCCTC-1,IKBKG
AGCATCACAACTTGCA-1,
AGCCAATGTTTGGGTT-1,TNFRSF1A
AGCCACGAGGGTCAAC-1,DMD-INTRON
AGCCACGAGGTAGTCG-1,TAB1
AGCCACGAGTGTTCCA-1,
AGCCACGTCTGCGAGC-1,Neg_Control_Human
AGCGATTTCTCGACCT-1,
AGCGCCACAGTCGGTC-1,ALAS1-INTRON
AGCGCCAGTTACGATC-1,
AGCGCCATCCTGTTGC-1,CHAT-INTRON
AGCGCCATCGCTCATC-1,
AGCGTATGTATCAAGA-1,Neg_Control_Human
AGCGTATGTCCTCCTA-1,TAB1
AGCGTATTCCGAAGGA-1,
AGCGTATTCGTTCATT-1,
AGCTACATCCGATAGT-1,
AGCTACATCTTCACAT-1,
AGCTCAAGTTCGGCTG-1,ACTG1
AGCTTCCCAAATCAGA-1,TAB1
AGGAAATCAGGTCTCG-1,Neg_Control_Human
AGGAAATTCACGGACC-1,DMD-INTRON
AGGAATAAGTCATGGG-1,TNFRSF1A
AGGAATAGTGAATATG-1,TAB1
AGGACGAGTGGAACCA-1,
AGGACTTGTCTGTCAA-1,
AGGACTTTCTGGGCAC-1,
AGGAGGTAGGACTATA-1,IKBKG
AGGAGGTGTCCAGAAG-1,Neg_Control_Human
AGGATAAAGTAGGTTA-1,SMPD1
AGGATAACAGAGCCCT-1,Neg_Control_Human
AGGATAAGTCGAGTGA-1,CHUK
AGGATAATCCACCCTA-1,
AGGATCTAGAGAGGGC-1,REEP5-INTRON
AGGATCTGTGTACGCC-1,
AGGATCTTCGAATCCA-1,REEP5-INTRON
AGGCCACAGGAACATT-1,
AGGCCACCAGTCGCTG-1,
AGGCCACCATGGCACC-1,ALAS1-INTRON
AGGCCACTCGAGTGGA-1,
AGGCTGCAGATCCCGC-1,CHAT-INTRON
AGGCTGCAGTTCTCTT-1,DMD-INTRON
AGGCTGCCATCCCGTT-1,
AGGGAGTCACCATTCC-1,IKBKG
AGGGAGTCACGTCGTG-1,TNFRSF1A
AGGGAGTCAGGAACCA-1,DMD-INTRON
AGGGCCTCAGTTCCAA-1,SMPD1
AGGGCCTTCCATTCGC-1,CHUK
AGGGCTCCACGACCTG-1,TNFRSF1A
AGGGCTCCAGCAGATG-1,DMD-INTRON
AGGGCTCTCTTTACAC-1,CHUK
AGGGCTCTCTTTCCGG-1,
AGGGTCCCACAGAGCA-1,ALAS1-INTRON
AGGGTCCGTGCCCTTT-1,DMD-INTRON
AGGGTGAAGAAAGTCT-1,
AGGGTGAAGAATAACC-1,RELA
AGGGTGAGTGAGGATC-1,REEP5-INTRON
AGGGTTTAGCGCATCC-1,TNFRSF1A
AGGGTTTGTGTCTTAG-1,
AGGTAGGAGTATTCCG-1,Neg_Control_Human
AGGTAGGTCAGCTGAT-1,Neg_Control_Human
AGGTCATCATGGCCAC-1,TNFRSF1A
AGGTCATTCAAGTTGC-1,CHAT-INTRON
AGGTCATTCGACCACG-1,Neg_Control_Human
AGGTCTATCCATTTCA-1,Neg_Control_Human
AGGTGTTTCTCCAAGA-1,CHUK
AGGTTACAGTATGACA-1,
AGGTTACCAACAGAGC-1,
AGGTTACGTTGAGAGC-1,CHUK
AGGTTACTCCATAAGC-1,
AGGTTGTAGCTCTTCC-1,Neg_Control_Human
AGGTTGTAGTTTGGCT-1,RELA
AGGTTGTTCACTTGTT-1,CHUK
AGTAACCGTCGTGTTA-1,DMD-INTRON
AGTAACCTCCAGTTCC-1,
AGTAACCTCTGTCCCA-1,Neg_Control_Human
AGTAGCTAGACCGTTT-1,
AGTAGCTAGAGGTTAT-1,Neg_Control_Human
AGTAGCTCACACACGC-1,RELA
AGTAGCTCATAATCGC-1,DMD-INTRON
AGTAGTCAGAGGTCAC-1,SMPD1
AGTAGTCCAAACACCT-1,CHUK
AGTCAACAGATACTGA-1,SMPD1
AGTCAACTCCACCCTA-1,ACTG1
AGTCACATCGAGAACG-1,TNFRSF1A
AGTCATGTCACACGAT-1,
AGTCTCCTCTACCACC-1,
AGTGACTGTGCATTAC-1,
AGTGACTGTTCCTACC-1,TNFRSF1A
AGTGACTTCTCTCAAT-1,Neg_Control_Human
AGTGATCTCAGAGTGG-1,
AGTGCCGGTTCCAAAC-1,SMPD1
AGTGCCGTCAGCGCAC-1,
AGTGCCGTCCGTTGGG-1,CHUK
AGTTAGCGTTTCTTAC-1,SMPD1
AGTTAGCTCTCGTGAA-1,Neg_Control_Human
AGTTCCCCAGACCAGA-1,
AGTTCCCTCAAGATAG-1,
AGTTCCCTCCATCACC-1,Neg_Control_Human
AGTTCGAGTTCGGTAT-1,
ATACCGAAGCACCCAC-1,
ATACCGATCGAACGCC-1,REEP5-INTRON
ATACCTTAGTGGTGGT-1,TNFRSF1A
ATACTTCCAGGTTCCG-1,
ATACTTCTCATGAGGG-1,ALAS1-INTRON
ATAGACCAGAATAACC-1,
ATAGACCAGATTAGAC-1,Neg_Control_Human
ATAGACCGTACCTAGT-1,TAB1
ATAGAGAGTTCAGCGC-1,REEP5-INTRON
ATAGGCTGTAGTCCTA-1,
ATATCCTAGCAGCCTC-1,TAB1
ATATCCTCAGCCTACG-1,DMD-INTRON
ATATCCTGTCACGCTG-1,REEP5-INTRON
ATATCCTTCGTAGCTA-1,RELA
ATATCCTTCTGCATGA-1,
ATCACAGAGGAATGTT-1,TNFRSF1A
ATCACAGAGGGAGGTG-1,
ATCACAGCAGTTGGTT-1,CHUK
ATCACAGTCCCATTCG-1,DMD-INTRON
ATCACGACACATAGCT-1,
ATCACGACATGAGATA-1,RELA
ATCACGATCACACCGG-1,REEP5-INTRON
ATCACGATCATTACCT-1,Neg_Control_Human
ATCACTTGTGTTAACC-1,TNFRSF1A
ATCAGGTGTACCTAGT-1,
ATCAGGTGTCTTCTAT-1,TNFRSF1A
ATCAGGTTCGAGAGAC-1,SMPD1
ATCATTCAGTCGCTAT-1,SMPD1
ATCATTCGTACGGGAT-1,SMPD1
ATCATTCTCTTAGCCC-1,
ATCCACCAGGCACTAG-1,ALAS1-INTRON
ATCCACCAGGTAAACT-1,
ATCCACCGTCTTGAGT-1,
ATCCATTGTCGATGCC-1,
ATCCATTTCCATTTAC-1,Neg_Control_Human
ATCCATTTCGATAACC-1,TAB1
ATCCCTGAGGGTAATT-1,TNFRSF1A
ATCCCTGCAGGAATCG-1,
ATCCGTCCACGACGTC-1,DMD-INTRON
ATCCGTCGTATGGAGC-1,TAB1
ATCCGTCGTCAAAGAT-1,Neg_Control_Human
ATCCTATCACGAAGAC-1,CHUK
ATCCTATCATGGGCAA-1,CHUK
ATCCTATGTGTGGACA-1,
ATCGATGTCATTCATC-1,Neg_Control_Human
ATCGGATAGACCAGCA-1,SMPD1
ATCGGATGTCACCGCA-1,REEP5-INTRON
ATCGGCGGTCCGTTTC-1,
ATCGTAGGTCAAACGG-1,
ATCGTAGGTCACCGAC-1,
ATCGTAGGTTCTCACC-1,Neg_Control_Human
ATCGTCCAGGCGCTTC-1,
ATCGTCCGTCCAGTTA-1,CHUK
ATCGTCCTCTCCTACG-1,Neg_Control_Human
ATCGTGACACCAGCGT-1,TNFRSF1A
ATCGTGAGTGGGAGAG-1,ALAS1-INTRON
ATCGTGATCGGATTAC-1,Neg_Control_Human
ATCTCTACAAAGCACG-1,
ATCTTCAAGTTTGAGA-1,
ATCTTCAGTCTTGGTA-1,SMPD1
ATCTTCAGTGCATTAC-1,ALAS1-INTRON
ATCTTCAGTTATGGTC-1,SMPD1
ATGACCAAGTTACGTC-1,Neg_Control_Human
ATGACCACAGGAACCA-1,TAB1
ATGAGGGCAATCGAAA-1,
ATGAGGGTCTTCCCGA-1,Neg_Control_Human
ATGAGTCAGGCGATAC-1,
ATGAGTCCAGTGACCC-1,CHUK
ATGAGTCGTCAGTTTG-1,
ATGATCGCAAATGATG-1,CHAT-INTRON
ATGATCGTCGAAACAA-1,TAB1
ATGATCGTCGGATTAC-1,
ATGCATGAGGCCTAAG-1,Neg_Control_Human
ATGCATGTCACAATGC-1,ALAS1-INTRON
ATGCCTCGTGCATGAG-1,TNFRSF1A
ATGCGATTCTTTCCGG-1,
ATGGAGGCAGTTGAAA-1,SMPD1
ATGGATCAGTATCTGC-1,
ATGGATCCAACAACAA-1,CHUK
ATGGGAGAGGGTCACA-1,
ATGGGAGCACATCATG-1,ALAS1-INTRON
ATGGGTTGTAATCAGA-1,CHUK
ATGGGTTGTGCTGCAC-1,
ATGGGTTTCCATTTCA-1,
ATGGTTGAGACTCTAC-1,DMD-INTRON
ATGTCCCCATACATCG-1,
ATGTCCCTCGCGTGAC-1,
ATGTCTTAGCTCGAAG-1,REEP5-INTRON
ATGTCTTCAAGCGGAT-1,IKBKG
ATGTCTTTCACTACGA-1,SMPD1
ATTACCTAGCTGTCCG-1,TNFRSF1A
ATTACCTAGGATTCCT-1,CHUK
ATTACCTAGGCCTGAA-1,
ATTACCTAGTGGATAT-1,CHUK
ATTACCTCAGCATCTA-1,ALAS1-INTRON
ATTACCTGTATCACCA-1,Neg_Control_Human
ATTACCTGTGGAAGTC-1,
ATTACCTTCCGTTGGG-1,IKBKG
ATTACCTTCTTCGCTG-1,
ATTACTCGTACCCGCA-1,DMD-INTRON
ATTACTCGTTCTTGCC-1,Neg_Control_Human
ATTATCCAGCGTCGAA-1,
ATTATCCCATTGCAAC-1,RELA
ATTATCCGTTTCGATG-1,TNFRSF1A
ATTCACTGTCTGTGTA-1,REEP5-INTRON
ATTCAGGGTTACCTGA-1,CHAT-INTRON
ATTCCATAGACTCTTG-1,
ATTCCATCACTTGGCG-1,
ATTCCATTCTTTGATC-1,
ATTCCCGAGGCACAAC-1,Neg_Control_Human
ATTCCCGAGTCGAAGC-1,
ATTCCTAAGCCGAATG-1,REEP5-INTRON
ATTCGTTAGTCTCGTA-1,REEP5-INTRON
ATTCGTTCAATTTCTC-1,CHUK
ATTCGTTCAGATCATC-1,
ATTCGTTCATGTGCTA-1,
ATTCTACTCATTTCCA-1,Neg_Control_Human
ATTCTACTCGTCCATC-1,
ATTCTTGGTCGCGTCA-1,TAB1
ATTGTTCAGCGACATG-1,
ATTGTTCCATGACCCG-1,ALAS1-INTRON
ATTGTTCTCTCGAGTA-1,
ATTTACCTCCGAAGGA-1,IKBKG
ATTTACCTCGGTCTGG-1,
ATTTCACAGCGTCAAG-1,ALAS1-INTRON
ATTTCACGTTGATGTC-1,SMPD1
ATTTCTGCACACCTGG-1,Neg_Control_Human
ATTTCTGCATCTAGAC-1,Neg_Control_Human
CAACAACAGTGTCATC-1,IKBKG
CAACAACAGTTACGGG-1,
CAACAACGTGTATTCG-1,REEP5-INTRON
CAACAACTCCTGCCAT-1,Neg_Control_Human
CAACAACTCGTAACCA-1,ALAS1-INTRON
CAACAGTCAATGTCTG-1,Neg_Control_Human
CAACAGTGTCCGAAGA-1,
CAACAGTGTTTACGTG-1,REEP5-INTRON
CAACCAACACGTAGTT-1,CHAT-INTRON
CAACCAACAGGTTCAT-1,
CAACCAACATTATGCG-1,TAB1
CAACCTCGTAATGCTC-1,CHUK
CAACCTCTCAACGTGT-1,
CAACGATAGTAGATCA-1,Neg_Control_Human
CAACGATCACTCTAGA-1,Neg_Control_Human
CAACGATGTCGTATGT-1,Neg_Control_Human
CAACGATTCCATGATG-1,Neg_Control_Human
CAACGATTCGAGAATA-1,
CAACGGCCATATCTCT-1,IKBKG
CAACGGCCATTGCCGG-1,
CAACGGCGTCAGGTAG-1,ALAS1-INTRON
CAAGACTAGACATCCT-1,Neg_Control_Human
CAAGACTCATGGCGCT-1,
CAAGACTGTCAGGAGT-1,
CAAGACTTCAAATAGG-1,CHAT-INTRON
CAAGAGGAGCGGTAAC-1,
CAAGAGGCAAGTGCAG-1,TNFRSF1A
CAAGAGGCAGTGGGTA-1,DMD-INTRON
CAAGAGGGTGAGCTCC-1,ACTG1
CAAGCTAGTTCCCACT-1,TNFRSF1A
CAAGGGAGTAGAATGT-1,
CAAGGGAGTCCGGTGT-1,TNFRSF1A
CAAGGGAGTGGGCTCT-1,
CAATACGAGCATCAAA-1,CHAT-INTRON
CAATACGAGGAATCGC-1,
CAATACGGTGAACCGA-1,DMD-INTRON
CAATACGGTGTGTGGA-1,SMPD1
CAATGACAGGCGATAC-1,ACTG1
CAATGACGTTCGTTCC-1,
CAATGACTCTTCTCAA-1,TNFRSF1A
CAATTTCAGGGTACAC-1,
CAATTTCGTCTGATCA-1,
CAATTTCGTGAATTAG-1,TNFRSF1A
CAATTTCTCTGAACGT-1,
CACAACACAAGAATAC-1,
CACAACACATGCGTGC-1,TNFRSF1A
CACAACAGTCCTGGTG-1,
CACAACATCCCATTCG-1,
CACAGATCAGTCAGAG-1,RELA
CACAGATTCCAATCCC-1,ACTG1
CACATGAGTGGCAACA-1,
CACCAAACAGTTAGAA-1,SMPD1
CACCAAACATACATCG-1,DMD-INTRON
CACCAAACATCATTTC-1,
CACCAAATCACCTTAT-1,RELA
CACCGTTTCGGCTTCT-1,TAB1
CACGAATAGTTCGGTT-1,IKBKG
CACGAATGTGATACTC-1,ACTG1
CACGGGTAGATTAGTG-1,REEP5-INTRON
CACGGGTCACCCTGTT-1,
CACGGGTGTGGCTGAA-1,CHUK
CACGGGTTCGCCACTT-1,CHUK
CACGTGGGTAGGCAGT-1,Neg_Control_Human
CACGTGGTCGTAGGGA-1,
CACGTTCGTGCCCACA-1,ACTG1
CACGTTCTCATGGTAC-1,DMD-INTRON
CACTAAGCACATGACT-1,RELA
CACTGAAAGCTAATGA-1,ALAS1-INTRON
CACTGAAGTAGACACG-1,
CACTGAATCGGTGAAG-1,TNFRSF1A
CACTGGGCAGCACGAA-1,RELA
CACTGGGGTGCTCTTC-1,
CACTGTCAGTAAGGGA-1,CHAT-INTRON
CACTGTCCAATTCACG-1,
CACTGTCTCAGTGTTG-1,RELA
CACTGTCTCATGTCAG-1,IKBKG
CACTGTCTCGCATTAG-1,TNFRSF1A
CACTTCGAGATCACTC-1,Neg_Control_Human
CACTTCGAGCACTCTA-1,CHUK
CACTTCGCAGCACGAA-1,
CACTTCGGTACCGTGC-1,Neg_Control_Human
CACTTCGGTCAAAGTA-1,Neg_Control_Human
CACTTCGTCATCGCTC-1,
CAGAGCCAGATGTTCC-1,CHUK
CAGAGCCTCTCACCCA-1,
CAGATCAGTCGCGGTT-1,REEP5-INTRON
CAGATTGAGGGCCTCT-1,CHAT-INTRON
CAGATTGCATATGGCT-1,SMPD1
CAGCAATCAGGGAGAG-1,
CAGCAATGTTATTCCT-1,
CAGCAATTCGATGCTA-1,Neg_Control_Human
CAGCACGAGAGAGTGA-1,RELA
CAGCACGCAACCTATG-1,
CAGCACGCAATCAGCT-1,
CAGCACGCAGGTTTAC-1,Neg_Control_Human
CAGCACGGTAGCTGTT-1,DMD-INTRON
CAGCAGCCAATCTCTT-1,Neg_Control_Human
CAGCCAGAGGTCTGGA-1,RELA
CAGCCAGCACATGACT-1,Neg_Control_Human
CAGCCAGCACGCTGTG-1,TNFRSF1A
CAGCCAGCAGAAGTGC-1,
CAGCCAGGTCGTTGGC-1,
CAGGCCACAACTGAAA-1,IKBKG
CAGGCCAGTCTTGCGG-1,REEP5-INTRON
CAGGGCTAGCCATATC-1,
CAGGGCTGTCTAGATC-1,
CAGGGCTGTCTTGAAC-1,SMPD1
CAGGTATGTCGTGATT-1,TAB1
CAGTGCGTCAGTCAGT-1,Neg_Control_Human
CAGTTAGAGAGCCATG-1,TAB1
CAGTTAGGTCGGAAAC-1,
CAGTTAGTCAGCTGTA-1,Neg_Control_Human
CAGTTAGTCTCGGTAA-1,DMD-INTRON
CAGTTCCGTATGAAAC-1,REEP5-INTRON
CAGTTCCTCTAATTCC-1,
CATAAGCCATGGCTGC-1,Neg_Control_Human
CATAAGCGTGTGCTTA-1,IKBKG
CATAAGCGTTCTGACA-1,Neg_Control_Human
CATAAGCTCACGGAGA-1,
CATAAGCTCAGTGGGA-1,CHAT-INTRON
CATACAGCACGTAACT-1,
CATACAGGTGACACGA-1,ACTG1
CATACCCAGGGCATGT-1,RELA
CATACCCCAAGTGGGT-1,DMD-INTRON
CATACCCTCCAATGCA-1,CHAT-INTRON
CATACCCTCTCATTTG-1,SMPD1
CATACTTAGCCGTCGT-1,REEP5-INTRON
CATACTTCACGCTATA-1,
CATACTTTCTGGCCAG-1,DMD-INTRON
CATAGACAGGTTCCAT-1,CHUK
CATAGACGTGCATACT-1,
CATAGACTCTTCCAGC-1,TAB1
CATCAAGAGGAGCTGT-1,
CATCAAGGTAGTCTTG-1,
CATCAAGGTCATAACC-1,TAB1
CATCAAGTCCCAACTC-1,
CATCCACAGTGAGTGC-1,
CATCCACCAGCTACAT-1,
CATCCCAAGTGCACTT-1,
CATCCCAGTTCGAGCC-1,SMPD1
CATCCCATCAAGTCGT-1,ALAS1-INTRON
CATCCGTAGAACCCGA-1,
CATCCGTAGAGATGCC-1,Neg_Control_Human
CATCCGTCACTCATAG-1,SMPD1
CATCCGTCATCTCATT-1,IKBKG
CATCCGTGTGTCCTAA-1,CHAT-INTRON
CATCCGTGTTACAGCT-1,IKBKG
CATCCGTTCGTAGAGG-1,DMD-INTRON
CATCGCTGTGCTCGTG-1,ALAS1-INTRON
CATCGGGAGTACTGGG-1,DMD-INTRON
CATCGGGCAAGCGAGT-1,
CATGAGTCAGTCACGC-1,Neg_Control_Human
CATGAGTTCTCACTCG-1,Neg_Control_Human
CATGCAAAGCACACCC-1,TNFRSF1A
CATGCGGAGGCTGTAG-1,ACTG1
CATGCGGTCTGGGCCA-1,TAB1
CATGGATAGCCTATCA-1,
CATGGATAGGATGGCT-1,
CATGGATCACTGCTTC-1,Neg_Control_Human
CATGGTAAGATTGACA-1,
CATGGTAAGTCTCTGA-1,
CATGGTACAAGCCATT-1,
CATGGTATCACCATGA-1,SMPD1
CATTCATGTGAAAGTT-1,IKBKG
CATTCCGCAGCAATTC-1,Neg_Control_Human
CATTCCGTCGTAGTCA-1,Neg_Control_Human
CATTCCGTCTGCCCTA-1,
CATTCTAAGAAGTCAT-1,ALAS1-INTRON
CATTCTAAGATGACAT-1,TNFRSF1A
CATTCTACACAACGAG-1,
CATTCTATCGAGAAAT-1,REEP5-INTRON
CATTGAGAGGAAACGA-1,RELA
CATTGAGGTATCGAAA-1,
CATTGAGGTCGCCACA-1,CHAT-INTRON
CATTGCCAGGTTCTAC-1,
CATTGTTGTTAGAAGT-1,
CATTTCAGTAGATGTA-1,Neg_Control_Human
CCAAGCGAGTTGCGAG-1,SMPD1
CCAAGCGCATGAGTAA-1,CHAT-INTRON
CCAATGAAGTCCGTCG-1,
CCAATGAAGTGGATAT-1,Neg_Control_Human
CCAATGATCCGATCGG-1,CHUK
CCAATTTAGGCTGAAC-1,
CCACACTGTCGCAGTC-1,ALAS1-INTRON
CCACACTTCCCTTGGT-1,TAB1
CCACACTTCGCCTCTA-1,
CCACCATAGACCAACG-1,TNFRSF1A
CCACCATAGGAGGCAG-1,ACTG1
CCACCATAGTGGAAAG-1,Neg_Control_Human
CCACCATTCCTTCACG-1,Neg_Control_Human
CCACGAGCACGGCCAT-1,
CCACGAGCAGTTCACA-1,
CCACGAGCATCCGGTG-1,Neg_Control_Human
CCACGAGTCCCGGTAG-1,
CCACGTTCAAAGGAGA-1,
CCACGTTCACGTCATA-1,RELA
CCACGTTCACTCAGAT-1,CHAT-INTRON
CCACGTTGTATCACGT-1,CHAT-INTRON
CCACGTTTCCTCAGGG-1,
CCACTTGCATTCAGGT-1,DMD-INTRON
CCATAAGCACCTGTCT-1,TNFRSF1A
CCATAAGCAGTGCCTG-1,TNFRSF1A
CCATAAGGTGATTAGA-1,
CCATCACAGCTAGTTC-1,
CCATCACCAACCGACC-1,
CCATCACCAAGGGCAT-1,
CCCAACTAGCGGGTTA-1,
CCCAACTAGGCACTCC-1,ACTG1
CCCAACTCAATCTCGA-1,
CCCAACTCAGTTGTCA-1,CHUK
CCCAACTCATCATTTC-1,Neg_Control_Human
CCCAACTGTCACCGAC-1,TAB1
CCCAACTGTGAGATTA-1,
CCCATTGCATATAGCC-1,RELA
CCCGAAGTCCTCATAT-1,IKBKG
CCCGGAAAGGGAGATA-1,CHAT-INTRON
CCCGGAACACCCTAGG-1,CHUK
CCCGGAACAGCTTCCT-1,DMD-INTRON
CCCGGAACATCAGTCA-1,IKBKG
CCCGGAAGTGCAGGAT-1,RELA
CCCTAACAGACGCATG-1,
CCCTAACAGGCCATAG-1,Neg_Control_Human
CCCTAACGTTGTTGAC-1,
CCCTCAATCGATACAC-1,IKBKG
CCCTCTCAGTTGCGAG-1,CHAT-INTRON
CCCTCTCCAACACAGG-1,
CCCTCTCGTACTGGGA-1,CHUK
CCCTGATGTCTAGGTT-1,IKBKG
CCCTGATTCGGTTAGT-1,CHUK
CCCTTAGGTCCGAAAG-1,TAB1
CCGATCTCAGGCTATT-1,
CCGATCTTCTTCGTAT-1,CHUK
CCGCAAGAGACGCATG-1,
CCGCAAGTCATGCCCT-1,REEP5-INTRON
CCGGACACACATAGCT-1,
CCGGGTAAGTGACCTT-1,
CCGGTAGGTCTGTAGT-1,Neg_Control_Human
CCGGTGACACTAACCA-1,Neg_Control_Human
CCGGTGAGTCGAGCTC-1,Neg_Control_Human
CCGTAGGAGAATACAC-1,TAB1
CCGTAGGAGGTTGGTG-1,CHAT-INTRON
CCGTAGGCACCATAAC-1,CHUK
CCGTAGGCATGAAGCG-1,Neg_Control_Human
CCGTTCACAGCAGGAT-1,
CCTAACCTCCCGAGAC-1,
CCTAAGATCAGCCTTC-1,CHAT-INTRON
CCTAAGATCGGCAGTC-1,SMPD1
CCTAAGATCGTGCATA-1,Neg_Control_Human
CCTACGTCAACAAGAT-1,SMPD1
CCTACGTTCTTACTGT-1,DMD-INTRON
CCTATCGGTGAGCAGT-1,ALAS1-INTRON
CCTATCGTCACGGACC-1,CHUK
CCTCAACGTTAATCGC-1,
CCTCAACGTTTGGAGG-1,CHAT-INTRON
CCTCACACACACGTGC-1,
CCTCACAGTCATTGCA-1,
CCTCACAGTGAGTCAG-1,ALAS1-INTRON
CCTCACATCACCTCGT-1,Neg_Control_Human
CCTCACATCCAACCGG-1,SMPD1
CCTCATGAGGCCTGAA-1,SMPD1
CCTCCAAGTTCGAGCC-1,
CCTCCTCAGCTTCATG-1,
CCTCCTCAGGGCTAAC-1,
CCTCCTCGTCTCCTGT-1,REEP5-INTRON
CCTCTAGAGGCCATAG-1,IKBKG
CCTCTCCGTCTACAAC-1,IKBKG
CCTCTCCTCGCCGAAC-1,ACTG1
CCTCTCCTCTTAGCAG-1,TAB1
CCTGCATGTAGTTAGA-1,IKBKG
CCTGCATTCAACACCA-1,TNFRSF1A
CCTGCATTCGCGTGAC-1,
CCTGTTGGTGAGTTGG-1,REEP5-INTRON
CCTGTTGTCTGCGGGT-1,REEP5-INTRON
CCTTCAGAGGATTCAA-1,SMPD1
CCTTCAGGTGCCTGCA-1,
CCTTCAGTCCAGGACC-1,DMD-INTRON
CCTTCAGTCTGTCGCT-1,
CCTTGTGAGACCAAGC-1,
CCTTGTGAGCTCACTA-1,
CCTTGTGAGGTGCCTC-1,REEP5-INTRON
CCTTGTGTCATCCTAT-1,
CCTTGTGTCTGAGCAT-1,DMD-INTRON
CCTTTGGCAGTTCCAA-1,
CCTTTGGGTCCACACG-1,
CCTTTGGGTCCTGTTC-1,
CCTTTGGTCAGAGCAG-1,CHUK
CCTTTGGTCGGAAGGT-1,Neg_Control_Human
CCTTTGGTCTTCTGGC-1,CHUK
CGAAGGACACAAATGA-1,ALAS1-INTRON
CGAAGTTAGGTAATCA-1,ALAS1-INTRON
CGAAGTTCAAAGGCAC-1,Neg_Control_Human
CGAAGTTCATTGGCAT-1,IKBKG
CGAATTGTCCGAGGCT-1,TAB1
CGAATTGTCCGTAGTA-1,IKBKG
CGAATTGTCCTGGCTT-1,
CGACAGCAGGTAGCCA-1,
CGACAGCAGTGAACAT-1,DMD-INTRON
CGACAGCGTGTCATGT-1,DMD-INTRON
CGACAGCGTTCGGGTC-1,CHAT-INTRON
CGACAGCTCTAGTGAC-1,
CGAGAAGAGATTGAGT-1,TAB1
CGAGAAGAGCTAAGTA-1,CHAT-INTRON
CGAGAAGTCTACTCAT-1,
CGAGGAACAAATCAGA-1,Neg_Control_Human
CGAGTGCGTAATTGGA-1,Neg_Control_Human
CGAGTTACATTCCTAT-1,Neg_Control_Human
CGAGTTAGTTTGATCG-1,CHAT-INTRON
CGATCGGCAGGTCAGA-1,
CGATGCGAGGAAGTGA-1,CHUK
CGATGCGCACACGGAA-1,
CGATGGCGTAGATTGA-1,SMPD1
CGATGGCGTTAATGAG-1,ALAS1-INTRON
CGATGGCTCCCGAGGT-1,Neg_Control_Human
CGATGGCTCCGAGAAG-1,
CGCAGGTAGGCCACCT-1,ALAS1-INTRON
CGCAGGTCACCACTGG-1,TAB1
CGCAGGTCAGACATCT-1,IKBKG
CGCAGGTGTTCTTGCC-1,Neg_Control_Human
CGCAGGTTCATCGCAA-1,IKBKG
CGCATAATCCAAGGGA-1,
CGCCATTAGGTGGTTG-1,RELA
CGCGTGACACCGAATT-1,
CGCGTGAGTCAGATTC-1,IKBKG
CGGAACCCACATATCG-1,Neg_Control_Human
CGGAATTCAATCTCGA-1,SMPD1
CGGAATTCAGGTACGA-1,SMPD1
CGGAATTTCTGAATGC-1,TAB1
CGGACACCAGCTGTGC-1,IKBKG
CGGACACTCGCAGATT-1,
CGGACACTCTCTCGCA-1,SMPD1
CGGAGAACACTCAAGT-1,TNFRSF1A
CGGCAGTGTAGTGCGA-1,Neg_Control_Human
CGGCAGTGTCGAATGG-1,Neg_Control_Human
CGGGCATGTGACTAAA-1,CHUK
CGGGCATGTGATTAGA-1,CHAT-INTRON
CGGGCATTCAAATGCC-1,
CGGGTCAAGTCAACAA-1,SMPD1
CGGGTCAGTCTAACTG-1,
CGGGTCAGTGTGCTTA-1,DMD-INTRON
CGGGTCATCATTGGTG-1,TNFRSF1A
CGGGTGTAGATGTTCC-1,Neg_Control_Human
CGGGTGTCAGATACTC-1,
CGGGTGTGTATTGGCT-1,ALAS1-INTRON
CGGGTGTTCTTTCCGG-1,CHUK
CGGTCAGAGACGCATG-1,CHAT-INTRON
CGGTCAGAGGATGTTA-1,CHAT-INTRON
CGGTCAGCAACAAAGT-1,SMPD1
CGTAATGTCACAGTGT-1,TAB1
CGTAGTACACACCTTC-1,
CGTAGTAGTCCCGTGA-1,ALAS1-INTRON
CGTAGTATCCCTCTCC-1,Neg_Control_Human
CGTCAAAAGAGGGTAA-1,Neg_Control_Human
CGTCAAACATTCGATG-1,
CGTCAAATCCGTGGGT-1,
CGTCCATAGGTGCCTC-1,REEP5-INTRON
CGTCCATTCAGTGTTG-1,Neg_Control_Human
CGTGAATCAGCCGTTG-1,
CGTGAATCATGTGGTT-1,IKBKG
CGTGATAGTTTAGACC-1,ACTG1
CGTGATATCGTTCCTG-1,
CGTGTCTAGGCGTCCT-1,RELA
CGTGTCTAGTCACACT-1,CHAT-INTRON
CGTTAGAAGTGCAGGT-1,Neg_Control_Human
CGTTAGATCGGTGCAC-1,REEP5-INTRON
CGTTCTGAGAGGCGGA-1,TAB1
CGTTCTGCAGGGCTTC-1,ACTG1
CGTTCTGTCAAGATAG-1,IKBKG
CGTTGGGTCATTATCC-1,
CTAACCCAGGTAACTA-1,TAB1
CTAACCCAGGTGCTTT-1,DMD-INTRON
CTAACTTCAATACCTG-1,IKBKG
CTAACTTCACTGAGGA-1,TAB1
CTAACTTGTTCGTGCG-1,TNFRSF1A
CTAAGTGAGGCTCAAG-1,
CTACAGAAGACGACGT-1,
CTACAGAAGTGGAAAG-1,IKBKG
CTACAGAGTCCATAGT-1,
CTACAGAGTGAATAAC-1,DMD-INTRON
CTACAGAGTGAGATAT-1,CHAT-INTRON
CTACAGATCCGTGGCA-1,
CTACCCACAGACACCC-1,TNFRSF1A
CTACCCATCACTGAAC-1,SMPD1
CTACCCATCTCTAGGA-1,DMD-INTRON
CTACCTGGTTCATCTT-1,CHUK
CTACGGGGTTTGGAAA-1,TAB1
CTACGGGTCCGTGTAA-1,
CTACTATAGCCGATAG-1,IKBKG
CTACTATTCTTACGGA-1,REEP5-INTRON
CTAGACACAATCGCAT-1,IKBKG
CTAGACACACCTCTGT-1,CHAT-INTRON
CTAGACACACGGTGTC-1,
CTAGACATCTATTCGT-1,TAB1
CTAGGTAAGACGAGCT-1,CHAT-INTRON
CTAGGTAAGGCACTAG-1,RELA
CTAGGTACAACCACGC-1,TNFRSF1A
CTAGGTACAGCCTACG-1,CHUK
CTATAGGAGCAATTAG-1,Neg_Control_Human
CTATAGGAGTGGAAAG-1,
CTATCCGCAGTCTACA-1,TAB1
CTATCCGGTAGAGCTG-1,Neg_Control_Human
CTATCCGGTTGGAGGT-1,ACTG1
CTATCCGTCGTAACAC-1,Neg_Control_Human
CTATCTAAGTCCCGAC-1,ALAS1-INTRON
CTATCTACAATCGCGC-1,
CTATCTACAGAAATTG-1,Neg_Control_Human
CTATCTAGTAGGGAGG-1,
CTATCTATCGATGGAG-1,IKBKG
CTATCTATCTCCTGCA-1,CHAT-INTRON
CTCAACCGTATGCGGA-1,
CTCAACCGTCTCGGGT-1,Neg_Control_Human
CTCAAGACAAATCCCA-1,
CTCAAGAGTACTCCCT-1,IKBKG
CTCAAGATCCCGTGAG-1,IKBKG
CTCAATTCAACCAATC-1,TNFRSF1A
CTCAATTTCGCTTAAG-1,
CTCACTGAGAGCTTTC-1,
CTCAGAAAGGTTGACG-1,ALAS1-INTRON
CTCAGAAAGTCAGGGT-1,Neg_Control_Human
CTCAGAAGTCTTCATT-1,REEP5-INTRON
CTCAGGGGTAATGCTC-1,RELA
CTCAGGGGTGCCGTAC-1,SMPD1
CTCAGGGGTGTGACCC-1,Neg_Control_Human
CTCAGGGGTTGGGCCT-1,IKBKG
CTCAGTCAGTTAGTGA-1,TNFRSF1A
CTCATCGAGCTATCTG-1,
CTCATCGGTCCACGCA-1,TNFRSF1A
CTCATCGTCGCGTGAC-1,
CTCATGCGTGCATGAG-1,IKBKG
CTCATGCTCTGTGCAA-1,IKBKG
CTCATTAAGTCACAGG-1,ACTG1
CTCATTAAGTCATACC-1,TNFRSF1A
CTCATTACAACTCGTA-1,
CTCATTACAGTCGTTA-1,
CTCCAACCAATCGCGC-1,ALAS1-INTRON
CTCCAACGTCCGGACT-1,SMPD1
CTCCAACTCACCGGTG-1,
CTCCACATCACAATGC-1,CHUK
CTCCACATCGGCATCG-1,RELA
CTCCATGGTCTTGTCC-1,
CTCCCTCCATCACGGC-1,
CTCCCTCGTCATAAAG-1,
CTCCCTCTCAACCCGG-1,
CTCCTCCAGAAACTCA-1,ALAS1-INTRON
CTCCTTTAGCCTATCA-1,RELA
CTCGAGGGTACGACTT-1,DMD-INTRON
CTCGAGGGTATCCCTC-1,
CTCGAGGGTGTTTGCA-1,REEP5-INTRON
CTCTCAGCATCAGCTA-1,TNFRSF1A
CTCTCAGGTTGCAAGG-1,
CTCTCGAAGTAACGAT-1,TAB1
CTCTCGAGTATCGTTG-1,
CTCTGGTAGCGTATGG-1,
CTCTGGTCAAATTGGA-1,Neg_Control_Human
CTCTGGTCATGTAACC-1,Neg_Control_Human
CTGAATGCACCTTCGT-1,
CTGAATGCATGGCCCA-1,CHUK
CTGAATGGTATGGTTC-1,
CTGATCCAGAGTCCGA-1,SMPD1
CTGATCCAGCGTCAAG-1,
CTGATCCAGTGCACCC-1,TNFRSF1A
CTGCAGGAGGAGAGGC-1,
CTGCAGGCACAAATGA-1,IKBKG
CTGCAGGGTTCAGCGC-1,
CTGCAGGGTTCCGCAG-1,ACTG1
CTGCAGGTCCAACACA-1,
CTGCAGGTCTGGAAGG-1,
CTGCATCAGGATCACG-1,
CTGCATCAGGATTTAG-1,SMPD1
CTGCATCGTACGTGAG-1,IKBKG
CTGCCATGTAGTACGG-1,IKBKG
CTGCCATGTGGCTCTG-1,RELA
CTGCCATTCGCGCCAA-1,ALAS1-INTRON
CTGCGAGAGGCAGGGA-1,
CTGCGAGTCAGCATTG-1,Neg_Control_Human
CTGCTCAAGCGCACAA-1,TNFRSF1A
CTGCTCATCAAGAGGC-1,CHUK
CTGGACGCAACTTGGT-1,TAB1
CTGGACGGTGTTACTG-1,Neg_Control_Human
CTGGACGTCAGGAAAT-1,CHAT-INTRON
CTGGACGTCAGGGTAG-1,Neg_Control_Human
CTGGTCTGTACGAGTG-1,Neg_Control_Human
CTGGTCTTCTCCGATC-1,IKBKG
CTGTACCGTACCTATG-1,TNFRSF1A
CTGTACCGTAGGAGTC-1,ACTG1
CTGTACCGTGTAGGAC-1,
CTGTACCTCGTCAACA-1,RELA
CTGTAGACAGTGCGCT-1,RELA
CTGTATTAGATTGTGA-1,CHAT-INTRON
CTGTATTTCGTTCCCA-1,
CTGTGGGAGCCTGCCA-1,CHUK
CTTACCGCATGCCGCA-1,CHUK
CTTACCGGTGAGATCG-1,
CTTACCGTCAGCCTTC-1,Neg_Control_Human
CTTAGGAAGCCAGTAG-1,
CTTCAATAGGTCATTC-1,TNFRSF1A
CTTCAATCAACCGCCA-1,CHUK
CTTCCGAAGCTCTATG-1,
CTTCCGACATGGGCAA-1,
CTTCCTTAGGGTTTCT-1,
CTTCCTTGTGCCTTCT-1,Neg_Control_Human
CTTCTAACAGAACTCT-1,Neg_Control_Human
CTTCTAATCTAACGCA-1,
CTTCTCTAGTAGACAT-1,
CTTCTCTGTCGCACGT-1,CHAT-INTRON
CTTCTCTTCTTACCAT-1,DMD-INTRON
CTTGAGACATCTGGGC-1,
CTTGATTGTCTACACA-1,TAB1
CTTTCAAAGAGGATGA-1,SMPD1
GAAACCTGTCTTCTAT-1,CHUK
GAAATGACAATGAGCG-1,Neg_Control_Human
GAACACTTCACCCTTG-1,REEP5-INTRON
GAACACTTCCTAGCTC-1,DMD-INTRON
GAACGTTAGTCCCTAA-1,ACTG1
GAACGTTCAAACGTGG-1,DMD-INTRON
GAACTGTGTTCAGGTT-1,Neg_Control_Human
GAAGAATAGGCTCTAT-1,
GAAGAATTCGCTCTCA-1,TAB1
GAAGAATTCGTCAAAC-1,RELA
GAAGCCCGTGGAGGTT-1,IKBKG
GAAGCGAAGTGAGTTA-1,REEP5-INTRON
GAAGCGACATGGATCT-1,ALAS1-INTRON
GAAGGACCACTAACCA-1,RELA
GAAGGACCATCATTGG-1,
GAAGGGTAGGTAAACT-1,REEP5-INTRON
GAAGGGTCAGCCGTCA-1,
GAAGGGTCATACACCA-1,IKBKG
GAAGGGTGTAGTATAG-1,
GAAGGGTGTAGTGGCA-1,TAB1
GAAGGGTGTAGTGTGG-1,
GAAGGGTGTGCCTTTC-1,
GAAGGGTGTTCGAACT-1,
GAAGGGTGTTGGGTTT-1,IKBKG
GAAGGGTTCCCGTTCA-1,RELA
GAAGGGTTCGAGTCTA-1,Neg_Control_Human
GAATAGAGTGTCATTG-1,Neg_Control_Human
GAATCACCAATACGCT-1,RELA
GAATCACTCCAGTGTA-1,
GAATCACTCTTGGGCG-1,CHAT-INTRON
GAATCGTAGGCATCAG-1,TAB1
GAATCGTGTTACGTAC-1,SMPD1
GAATCGTGTTGGATCT-1,
GACACGCCAACCGCCA-1,
GACAGCCGTTTCACTT-1,CHUK
GACAGCCTCCAGCTCT-1,Neg_Control_Human
GACCAATCATGTGACT-1,DMD-INTRON
GACCAATTCGGCCCAA-1,TNFRSF1A
GACCAATTCTGATTCT-1,Neg_Control_Human
GACCCTTGTAGACAAT-1,RELA
GACCGTGAGCGCATCC-1,
GACCGTGGTGATCGTT-1,REEP5-INTRON
GACCGTGTCATACAGC-1,REEP5-INTRON
GACCGTGTCTAAGGAA-1,Neg_Control_Human
GACCTTCTCCCGAAAT-1,
GACCTTCTCTTGCAGA-1,TNFRSF1A
GACGCTGAGTGAGTGC-1,RELA
GACGCTGCATCGCTCT-1,REEP5-INTRON
GACGCTGGTTCGAGCC-1,Neg_Control_Human
GACGCTGTCACCGCTT-1,Neg_Control_Human
GACGTTAAGCATGCAG-1,TAB1
GACGTTAAGGCAGGGA-1,
GACGTTACAAGTGACG-1,
GACGTTACACAAGTGG-1,Neg_Control_Human
GACTATGAGCAATAGT-1,CHUK
GACTCAAAGACTAAGT-1,
GACTCAAAGAGTTCGG-1,Neg_Control_Human
GACTCAACATGCCGGT-1,Neg_Control_Human
GACTCTCCAGTGGGTA-1,ACTG1
GACTCTCGTAGCGCCT-1,TAB1
GACTGATAGGAAGAAC-1,
GACTGATCAAGAGCTG-1,RELA
GACTGATGTATTGGCT-1,
GACTGATTCCTACGGG-1,ACTG1
GACTTCCAGTCTAGCT-1,
GACTTCCGTTTACCAG-1,ALAS1-INTRON
GAGAAATCAATACAGA-1,IKBKG
GAGAAATGTACTCGAT-1,IKBKG
GAGAAATGTATCTTCT-1,
GAGACCCAGTCATGGG-1,TAB1
GAGACCCTCCACCTGT-1,DMD-INTRON
GAGACTTAGAGTTGAT-1,
GAGACTTCACCGTGAC-1,CHAT-INTRON
GAGACTTGTCGTCAGC-1,TAB1
GAGACTTTCCAGTTCC-1,CHAT-INTRON
GAGAGGTGTGGTCTCG-1,
GAGAGGTTCCCTCGTA-1,SMPD1
GAGATGGAGGTGCTTT-1,
GAGATGGAGTGGACGT-1,Neg_Control_Human
GAGATGGCATACCACA-1,Neg_Control_Human
GAGATGGGTAGGATAT-1,CHAT-INTRON
GAGATGGGTCACCGAC-1,
GAGATGGTCACCATCC-1,IKBKG
GAGATGGTCGCAGTCG-1,
GAGATGGTCGCTACGG-1,
GAGCCTGAGCTGCCAC-1,
GAGCTGCTCCATAGAC-1,Neg_Control_Human
GAGCTGCTCGGACGTC-1,ACTG1
GAGGCAAGTGGTAACG-1,IKBKG
GAGGGTATCTCACTCG-1,
GAGGGTATCTCATGGA-1,SMPD1
GAGTCATAGCGGTATG-1,
GAGTCATGTCCTCCAT-1,TNFRSF1A
GAGTCATTCAGGACGA-1,
GAGTCTACAACGACAG-1,
GAGTCTACACGTTGGC-1,IKBKG
GAGTGAGCAAATTGCC-1,CHUK
GAGTGAGCAGCAGTAG-1,SMPD1
GAGTGAGTCGGTAGAG-1,Neg_Control_Human
GAGTGTTAGGTGGGTT-1,Neg_Control_Human
GAGTTACGTTCGGCTG-1,CHAT-INTRON
GAGTTGTTCTCCCAAC-1,DMD-INTRON
GAGTTTGTCGGAGATG-1,DMD-INTRON
GATAGAATCTTTACAC-1,REEP5-INTRON
GATAGCTAGATGTTCC-1,
GATAGCTAGCGGTATG-1,ACTG1
GATAGCTAGGAACTAT-1,TAB1
GATAGCTAGGATTTAG-1,SMPD1
GATAGCTCAATGTTGC-1,IKBKG
GATCACAAGTCTTCCC-1,Neg_Control_Human
GATCACAGTCATGACT-1,Neg_Control_Human
GATCACAGTTCATCGA-1,TNFRSF1A
GATCACAGTTTGAAAG-1,TAB1
GATCACATCGGCATCG-1,ALAS1-INTRON
GATCAGTAGAGTTGCG-1,Neg_Control_Human
GATCATGAGAGGGTGG-1,
GATCATGTCATGGAGG-1,ACTG1
GATCCCTAGCATCCCG-1,
GATCCCTCAACGATTC-1,Neg_Control_Human
GATCCCTGTTAAGGAT-1,ALAS1-INTRON
GATCCCTGTTGATGTC-1,
GATCCCTTCAACGCTA-1,Neg_Control_Human
GATCGTAAGTAGCCAG-1,
GATCGTACAATTTCTC-1,CHAT-INTRON
GATGACTGTGAGACCA-1,
GATGACTGTTAGGCCC-1,Neg_Control_Human
GATGAGGTCACGATCA-1,
GATGATCCAGCCGGTT-1,
GATGATCTCATCGGGC-1,Neg_Control_Human
GATGATCTCGACCACG-1,
GATGCTAAGTAACAGT-1,
GATGCTATCTCACTCG-1,Neg_Control_Human
GATGGAGGTGTTACAC-1,RELA
GATGGAGTCAACCTTT-1,
GATGTTGCATGTTCGA-1,
GATTCGACAGAGAATT-1,
GATTCGATCGAAATCC-1,RELA
GATTCTTGTACAAGCG-1,CHUK
GATTTCTGTCGAATTC-1,
GATTTCTTCTATGTGG-1,Neg_Control_Human
GATTTCTTCTCGTGAA-1,
GCAACATGTAGTCGGA-1,Neg_Control_Human
GCAACATGTGCTGTCG-1,Neg_Control_Human
GCAACATGTTGACTGT-1,CHAT-INTRON
GCAACATTCGGTATGT-1,DMD-INTRON
GCAACCGAGAGTTGAT-1,ACTG1
GCAACCGCAACTGGTT-1,RELA
GCAACCGCACTGGAAG-1,DMD-INTRON
GCACGGTGTTGCCGCA-1,DMD-INTRON
GCACGTGTCCTTGACC-1,CHAT-INTRON
GCACTAAAGAGTCCGA-1,RELA
GCACTAAAGGCTAACG-1,
GCACTAAGTGAGCTCC-1,
GCACTAATCCTGTTAT-1,
GCAGCCAAGCTTCGTA-1,
GCAGCCAAGGGAGGCA-1,
GCAGCCAGTGTATTGC-1,Neg_Control_Human
GCAGCTGAGGATGGCT-1,CHUK
GCAGCTGCAACTACGT-1,RELA
GCAGCTGTCATGAAAG-1,RELA
GCAGGCTAGTCCGTCG-1,Neg_Control_Human
GCAGGCTGTATGTCAC-1,TNFRSF1A
GCAGTTATCACAAGGG-1,
GCAGTTATCGCGATCG-1,
GCATCGGAGACGCTCC-1,DMD-INTRON
GCATCGGAGTATCTGC-1,
GCATCTCAGACGGTTG-1,
GCATCTCAGTGTACAA-1,ALAS1-INTRON
GCATCTCCAATTCACG-1,DMD-INTRON
GCCAACGCAATCTCGA-1,DMD-INTRON
GCCAACGGTCGGCCTA-1,
GCCAGGTAGTTTGCTG-1,SMPD1
GCCAGGTCAGCCTACG-1,ACTG1
GCCAGGTGTATCAGGG-1,IKBKG
GCCAGGTTCTTCGATT-1,
GCCAGTGGTCTCCTGT-1,TAB1
GCCATGGAGTCATGAA-1,
GCCATGGCAGGACATG-1,SMPD1
GCCATTCAGCGTCAGA-1,
GCCATTCAGTCGCCCA-1,
GCCCGAATCATAGACC-1,DMD-INTRON
GCCGATGCAAGAGGCT-1,
GCCGATGCAAGGTCTT-1,
GCCGATGCAGAGGTTG-1,
GCCGTGACATGCGTGC-1,RELA
GCCTGTTTCGCTTAAG-1,TNFRSF1A
GCGAGAAGTGAGGATC-1,DMD-INTRON
GCGAGAATCCGCTGTT-1,Neg_Control_Human
GCGAGAATCCGTATGA-1,
GCGAGAATCTCCTGCA-1,TAB1
GCGATCGGTCGGCCTA-1,Neg_Control_Human
GCGATCGGTGGCCACT-1,REEP5-INTRON
GCGATCGTCACCTACC-1,Neg_Control_Human
GCGATCGTCGATACAC-1,
GCGGAAAAGCAAACAT-1,ALAS1-INTRON
GCGGAAACACTACGGC-1,
GCGGAAACACTGTCCT-1,
GCGGAAAGTCTTCAAG-1,REEP5-INTRON
GCGGAAATCGGCACTG-1,IKBKG
GCGGATCCAGCGTATT-1,CHAT-INTRON
GCGGATCTCTAGCAAC-1,TAB1
GCGTGCACAAACGGCA-1,
GCGTGCACAATGAGCG-1,CHUK
GCGTGCAGTTTCGCTC-1,Neg_Control_Human
GCGTGCATCGACGCTG-1,REEP5-INTRON
GCGTGCATCGTTATCT-1,
GCGTGCATCTCGTCGT-1,TNFRSF1A
GCGTTTCAGGTCGACA-1,ALAS1-INTRON
GCGTTTCCACGCGCTA-1,ALAS1-INTRON
GCGTTTCGTACCTATG-1,
GCGTTTCGTGAACGGT-1,
GCTACAATCAGTCATG-1,DMD-INTRON
GCTACCTTCTGCCCTA-1,
GCTCAAACATGAATCC-1,CHUK
GCTGAATTCGTTCCTG-1,
GCTGCAGAGAGAGTGA-1,Neg_Control_Human
GCTTGGGTCCATCAGA-1,CHAT-INTRON
GCTTTCGTCTCAAAGC-1,
GCTTTCGTCTTACCGC-1,
GGAACCCTCGAGAGCA-1,CHUK
GGAAGTGAGACGCTCC-1,
GGAAGTGAGTCGGCCT-1,CHUK
GGAAGTGTCACTTCTA-1,
GGAATCTTCACTTCTA-1,Neg_Control_Human
GGACGTCAGTGCTACT-1,
GGACGTCGTTATAGAG-1,SMPD1
GGAGAACCACCAAATC-1,DMD-INTRON
GGAGAACCATAGGTAA-1,SMPD1
GGAGATGCACCTGCAG-1,
GGAGATGGTAGCTTTG-1,SMPD1
GGAGCAAAGTACAACA-1,
GGAGCAAGTTCCTTGC-1,CHUK
GGAGCAATCTCCCTAG-1,ACTG1
GGAGGATAGCGGATCA-1,
GGAGGATAGGCATTTC-1,IKBKG
GGAGGATAGTATGACA-1,TAB1
GGAGGATTCTGGCCTT-1,
GGAGGTACATACATCG-1,CHAT-INTRON
GGAGGTAGTGCGGATA-1,
GGATCTAGTCCATACA-1,
GGATGTTAGGTCGAGT-1,ALAS1-INTRON
GGATGTTAGTGTTGAA-1,IKBKG
GGATGTTTCATTTACC-1,DMD-INTRON
GGCAGTCCACTCGATA-1,IKBKG
GGCAGTCTCGCAAGAG-1,TAB1
GGCGTCACATCGAACT-1,
GGCGTCAGTCTGTCAA-1,
GGCTGTGAGAAGGATG-1,Neg_Control_Human
GGCTGTGAGACTTCGT-1,ACTG1
GGCTGTGGTATATGGA-1,CHUK
GGCTTGGGTATCCTTT-1,ALAS1-INTRON
GGCTTGGTCAAGGACG-1,Neg_Control_Human
GGGACAAAGGTGCTAG-1,
GGGACAAGTGAGAACC-1,SMPD1
GGGACAAGTGTACAGG-1,CHAT-INTRON
GGGACAATCCATAGGT-1,Neg_Control_Human
GGGACCTAGGTAAACT-1,DMD-INTRON
GGGACCTAGTAATACG-1,CHUK
GGGACCTTCCTCTGCA-1,
GGGACCTTCGCCATAA-1,
GGGACCTTCTATCGCC-1,TNFRSF1A
GGGACTCAGGGAGATA-1,REEP5-INTRON
GGGACTCGTGATGTAA-1,SMPD1
GGGACTCTCGACATTG-1,CHUK
GGGAGATAGAGTGTGC-1,CHUK
GGGAGATAGGTGCGAT-1,Neg_Control_Human
GGGAGATCACCAGCCA-1,TAB1
GGGAGATTCCATATGG-1,CHAT-INTRON
GGGATGACACCGTACG-1,
GGGATGACAGTGTACT-1,Neg_Control_Human
GGGATGACATCCTTGC-1,TNFRSF1A
GGGATGAGTGTCTTCC-1,CHAT-INTRON
GGGATGATCCCAGGAC-1,Neg_Control_Human
GGGATGATCGTGCTCT-1,ALAS1-INTRON
GGGCCATCACCATATG-1,SMPD1
GGGCCATGTGATATAG-1,CHAT-INTRON
GGGCTACCACTCAGAT-1,
GGGCTCAGTAGCGATG-1,
GGGCTCATCGCTACGG-1,
GGGTAGACACTATGTG-1,DMD-INTRON
GGGTAGAGTATCGAGG-1,TAB1
GGGTATTAGCATTTGC-1,
GGGTATTCAACAAGAT-1,
GGGTATTCACAACGAG-1,
GGGTATTGTAGTATAG-1,ACTG1
GGGTATTGTCGAACAG-1,CHAT-INTRON
GGGTCACGTGTTGATC-1,TNFRSF1A
GGGTCACTCAGCTCTC-1,
GGGTCACTCCTCAGGG-1,
GGGTCACTCGTGGACC-1,SMPD1
GGGTCTGCAAGTGCTT-1,TNFRSF1A
GGGTCTGTCCATCCGT-1,Neg_Control_Human
GGGTGAAGTTCATCGA-1,Neg_Control_Human
GGGTGAAGTTCTTCAT-1,Neg_Control_Human
GGGTGAATCACAAGGG-1,
GGGTGAATCGCGATCG-1,Neg_Control_Human
GGGTGTCCACAAAGCG-1,ALAS1-INTRON
GGGTTATAGCCACAAG-1,CHAT-INTRON
GGGTTATGTACGGTTT-1,TNFRSF1A
GGGTTATGTCGAAGCA-1,CHUK
GGGTTATGTTACCTTT-1,RELA
GGGTTATGTTGCCAAT-1,
GGGTTTACACCCTGAG-1,TAB1
GGGTTTATCCCTTGGT-1,
GGTAACTGTTCAGGTT-1,SMPD1
GGTAACTTCTTACCAT-1,Neg_Control_Human
GGTAATCAGCCTGGAA-1,
GGTAATCCACGCTGTG-1,SMPD1
GGTAATCGTGTCCCTT-1,DMD-INTRON
GGTCACGCACCCAACG-1,TNFRSF1A
GGTCACGCATAACTCG-1,
GGTCTGGAGTCCCAGC-1,
GGTCTGGCAATACGCT-1,Neg_Control_Human
GGTCTGGTCTCCGCAT-1,ALAS1-INTRON
GGTGAAGTCGGTCTGG-1,IKBKG
GGTGATTGTCTTGGTA-1,CHUK
GGTGATTGTGCCGTAC-1,TNFRSF1A
GGTGATTGTTTCGGCG-1,
GGTGGCTAGCATGGGT-1,DMD-INTRON
GGTGGCTCAGATCCAT-1,Neg_Control_Human
GGTGGCTCATGACAAA-1,RELA
GGTGGCTTCGCCATAA-1,SMPD1
GGTGTCGGTAGATCCT-1,CHUK
GGTGTCGGTGAAGCTG-1,TNFRSF1A
GGTGTTACACGCTTAA-1,IKBKG
GGTGTTATCCATGATG-1,RELA
GGTTAACAGTCCGCGT-1,SMPD1
GGTTAACCATTAAAGG-1,
GGTTAACGTCTCTCTG-1,SMPD1
GGTTCTCTCATTATCC-1,
GTAACACTCAGGACGA-1,ACTG1
GTAATCGCATTAGGCT-1,
GTAATGCAGGAACTCG-1,CHAT-INTRON
GTAATGCAGTCCGCGT-1,CHUK
GTAATGCCATATCTGG-1,TAB1
GTAATGCCATGCAGCC-1,
GTACAGTAGCCTTGAT-1,Neg_Control_Human
GTACAGTCAACCGACC-1,
GTACAGTTCGCCACTT-1,
GTAGAAAAGCTAGATA-1,TAB1
GTAGAAACAACGATCT-1,IKBKG
GTAGAAACATGGTACT-1,
GTAGAGGAGGACAACC-1,
GTAGAGGTCTTCCCGA-1,Neg_Control_Human
GTAGATCAGTATTAGG-1,Neg_Control_Human
GTAGATCCATGAGATA-1,CHAT-INTRON
GTAGATCTCCACGAAT-1,TNFRSF1A
GTAGATCTCCGTAGTA-1,CHAT-INTRON
GTAGCTAAGTCATCCA-1,
GTAGCTAGTAGCTGTT-1,
GTAGGAGGTAAGCGGT-1,Neg_Control_Human
GTAGGTTAGAAGCCTG-1,RELA
GTAGGTTAGGATACCG-1,RELA
GTAGTACAGGTAGCAC-1,DMD-INTRON
GTAGTACCATCTTAGG-1,
GTATTGGAGACTTCCA-1,
GTATTTCAGAGACAAG-1,CHAT-INTRON
GTATTTCAGCATGCGA-1,
GTATTTCAGTAAACAC-1,CHAT-INTRON
GTATTTCTCCCAGTGG-1,ALAS1-INTRON
GTCAAACGTTGCATAC-1,Neg_Control_Human
GTCAAACTCACGGGCT-1,TNFRSF1A
GTCAAGTGTCTCAAGT-1,
GTCACGGCACGGATCC-1,TNFRSF1A
GTCACGGCAGTAGGAC-1,Neg_Control_Human
GTCACGGTCTAGGCCG-1,Neg_Control_Human
GTCACTCCAACCGTGC-1,Neg_Control_Human
GTCACTCTCTATGTGG-1,ALAS1-INTRON
GTCAGCGCATATACCG-1,
GTCAGCGCATGTTTGG-1,CHAT-INTRON
GTCAGCGGTAGATCCT-1,
GTCATCCCAAAGTATG-1,
GTCATGAAGTTCCGTA-1,Neg_Control_Human
GTCATTTCAACGTTAC-1,REEP5-INTRON
GTCCACTAGTAGGGTC-1,TNFRSF1A
GTCCACTTCTGTGCAA-1,TNFRSF1A
GTCCCATTCACAGTGT-1,
GTCCTCAAGTCATCCA-1,Neg_Control_Human
GTCCTCAGTTAATCGC-1,DMD-INTRON
GTCGTAACAAGCTGCC-1,TAB1
GTCGTAAGTCCGGTCA-1,CHUK
GTCGTTCCAAGTTTGC-1,TNFRSF1A
GTCGTTCGTCTACACA-1,
GTCTACCAGTGGTTCT-1,TAB1
GTCTACCCAAGAAACT-1,
GTCTACCCACCAGTAT-1,TNFRSF1A
GTCTACCCATGCGTGC-1,REEP5-INTRON
GTCTAGAAGCCTGTGC-1,SMPD1
GTCTAGAGTCCAGCGT-1,Neg_Control_Human
GTCTCACGTGAGTTTC-1,
GTCTGTCAGAATACAC-1,
GTCTTTACAACCCTCT-1,IKBKG
GTCTTTACATGGTGGA-1,
GTCTTTAGTCCATAGT-1,
GTCTTTATCGTTAGAC-1,
GTGAGGACACGTATAC-1,
GTGAGGAGTCGAGCTC-1,CHAT-INTRON
GTGAGGAGTGCACATT-1,
GTGAGTTAGACTTCAC-1,RELA
GTGATGTTCTGCGATA-1,TNFRSF1A
GTGCACGAGCATAGGC-1,DMD-INTRON
GTGCACGAGTAGCCAG-1,DMD-INTRON
GTGCACGGTACTCGCG-1,
GTGCGTGCACCAGCCA-1,RELA
GTGCGTGCAGCAGTGA-1,RELA
GTGCGTGTCTTCCTAA-1,SMPD1
GTGCTGGAGTCTTCGA-1,TNFRSF1A
GTGCTGGCACTCTAGA-1,TNFRSF1A
GTGCTGGTCCGTACGG-1,DMD-INTRON
GTGCTTCAGGGATCAC-1,RELA
GTGCTTCTCATTTCCA-1,TNFRSF1A
GTGCTTCTCGATACGT-1,CHUK
GTGCTTCTCTCGCGTT-1,
GTGCTTCTCTGTGCGG-1,
GTGGAAGCAGATGCGA-1,ALAS1-INTRON
GTGGAGAAGATCACTC-1,ACTG1
GTGGCGTTCTGGCCAG-1,SMPD1
GTGGGAACAGGAATCG-1,
GTGGGAATCTTCCTAA-1,REEP5-INTRON
GTGGTTAAGCTTAGTC-1,
GTGGTTACAGACGCTC-1,IKBKG
GTGGTTAGTACGGTTT-1,
GTGTAACAGAAACTCA-1,IKBKG
GTGTAACCAGTTCCAA-1,SMPD1
GTGTAACGTCTGCAAT-1,CHAT-INTRON
GTGTCCTAGTGCTCGC-1,
GTGTCCTGTGTCATGT-1,
GTGTCCTTCCTTTAGT-1,
GTGTGATGTCCTATAG-1,DMD-INTRON
GTGTGGCAGCTTCTAG-1,IKBKG
GTGTTAGGTTCGGACC-1,DMD-INTRON
GTGTTAGTCAAAGACA-1,
GTGTTCCAGAATCCCT-1,
GTGTTCCCACTTGTGA-1,Neg_Control_Human
GTGTTCCTCGCAGATT-1,TAB1
GTGTTCCTCTCTTGCG-1,DMD-INTRON
GTTACAGCACTTCCTG-1,CHUK
GTTACAGGTCCAAAGG-1,ALAS1-INTRON
GTTACAGTCAAAGCCT-1,
GTTACAGTCCGAACGC-1,TAB1
GTTACAGTCCTAAGTG-1,CHUK
GTTACAGTCGCTCTCA-1,RELA
GTTACCCAGTAGTCAA-1,Neg_Control_Human
GTTACGAAGGAAGTCC-1,DMD-INTRON
GTTACGAGTAGCACGA-1,
GTTACGATCTCATGCC-1,Neg_Control_Human
GTTAGACCATGAAGGC-1,CHAT-INTRON
GTTAGTGAGCCTGTGC-1,SMPD1
GTTAGTGCAACCGCTG-1,SMPD1
GTTATGGAGACAACAT-1,CHAT-INTRON
GTTATGGAGGGTAATT-1,TAB1
GTTATGGAGTAGGATT-1,SMPD1
GTTCATTCAACTCCAA-1,
GTTCATTCAGTCAGAG-1,Neg_Control_Human
GTTCATTCATTCTCCG-1,
GTTCATTGTAGCTTAC-1,REEP5-INTRON
GTTCGCTCAACGCATT-1,TNFRSF1A
GTTCGCTCACGGTGTC-1,TAB1
GTTCGCTCATAACCCA-1,
GTTCGCTGTCCTACGG-1,
GTTCTATGTCCTATAG-1,IKBKG
GTTCTATGTCCTCCTA-1,
GTTCTATTCCTGTTGC-1,
GTTGCGGCAAGGCTTT-1,
GTTGCGGCACTAGGCC-1,
GTTGCGGGTTCTCAGA-1,IKBKG
GTTGCTCGTAGTAAGT-1,
GTTGTAGAGGCTCACC-1,Neg_Control_Human
GTTGTAGCAGCAGTCC-1,SMPD1
GTTGTAGGTTAAAGTG-1,REEP5-INTRON
GTTGTCCAGACTCATC-1,TNFRSF1A
GTTGTCCTCTCTGAGA-1,IKBKG
GTTGTGAAGCCGTAAG-1,SMPD1
GTTTACTAGAGGCGGA-1,
GTTTACTAGTGGTGGT-1,
GTTTACTCACCCAAGC-1,
GTTTACTGTTGGCTAT-1,Neg_Control_Human
GTTTACTTCCTATTTG-1,
GTTTGGACAAGAGCTG-1,
GTTTGGATCATTGCTT-1,TNFRSF1A
TAACACGCAAGCCTGC-1,
TAACACGGTTTACGAC-1,IKBKG
TAACACGTCAATCTCT-1,Neg_Control_Human
TAACCAGTCGCACGAC-1,
TAACGACAGACCGTTT-1,
TAACGACCAACATACC-1,
TAACGACCATCCCGTT-1,
TAACTTCAGAGGATCC-1,Neg_Control_Human
TAACTTCAGGTATCTC-1,IKBKG
TAACTTCCAGTGGGTA-1,DMD-INTRON
TAAGCACAGGTTATAG-1,
TAAGCACTCGAACACT-1,
TAAGCCATCTTAGCCC-1,Neg_Control_Human
TAAGCGTAGCAGCACA-1,
TAAGCGTAGTGCACTT-1,RELA
TAAGCGTGTTTGGAGG-1,
TAAGTCGAGCATTTCG-1,CHUK
TAATCTCGTTGGCCTG-1,IKBKG
TAATTCCAGTCGTTAC-1,
TACAACGCAGATTTCG-1,TNFRSF1A
TACAACGGTATTGCCA-1,
TACAACGTCCTAAGTG-1,TAB1
TACACCCAGAGTCAAT-1,REEP5-INTRON
TACAGGTAGTTACGGG-1,REEP5-INTRON
TACAGGTGTGTTCAGT-1,SMPD1
TACAGGTTCTCGCTCA-1,ALAS1-INTRON
TACATTCCAGCATCTA-1,
TACATTCCAGTCGAGA-1,REEP5-INTRON
TACCCACAGTGAGTTA-1,TAB1
TACCCGTCACTCCCTA-1,ACTG1
TACCCGTTCTGGTGCG-1,Neg_Control_Human
TACCGAATCTCACTCG-1,TAB1
TACCGGGTCGCAATGT-1,REEP5-INTRON
TACCGGGTCGTCGCTT-1,
TACGCTCAGCGTCGAA-1,Neg_Control_Human
TACGCTCGTCGTGCCA-1,Neg_Control_Human
TACGGGCCAAGTGTCT-1,Neg_Control_Human
TACGGGCGTACTGCCG-1,CHAT-INTRON
TACGGGCTCTTAGGAC-1,
TACGGTACAACTCATG-1,Neg_Control_Human
TACGGTACAGAGTCTT-1,TAB1
TACGGTACAGCGACAA-1,TNFRSF1A
TACGGTAGTAATGCTC-1,
TACGGTAGTTTCACAG-1,SMPD1
TACTGCCCAAGTCCCG-1,CHAT-INTRON
TACTGCCGTCATCGGC-1,
TACTTACAGAGCAAGA-1,DMD-INTRON
TACTTACGTTGAAGTA-1,REEP5-INTRON
TACTTACGTTTGACAC-1,Neg_Control_Human
TACTTACTCTGCGATA-1,
TACTTGTAGCCTTTCC-1,
TACTTGTAGCGCTTCG-1,
TAGACCACACACGTGC-1,
TAGACCACAGACGCTC-1,REEP5-INTRON
TAGACCATCCTTTAGT-1,RELA
TAGACTGCAATAAGGT-1,
TAGACTGCATCCGGTG-1,CHAT-INTRON
TAGACTGTCCTCATAT-1,
TAGAGTCCAGTAGTGG-1,
TAGATCGTCACCCTTG-1,IKBKG
TAGCACACACATGAAA-1,Neg_Control_Human
TAGCACACAGGGCTTC-1,SMPD1
TAGCACACATCCTGTC-1,
TAGCACAGTCATCGGC-1,
TAGCACATCAGGCGAA-1,IKBKG
TAGGAGGAGGGCTAAC-1,CHAT-INTRON
TAGGAGGGTAGCGTAG-1,
TAGGAGGGTGTCCGGT-1,
TAGGGTTAGACGCTCC-1,
TAGGGTTAGACTCTTG-1,
TAGGGTTTCGTTAGTG-1,Neg_Control_Human
TAGGTACTCCAGGACC-1,ALAS1-INTRON
TAGGTTGAGTGCCGAA-1,TNFRSF1A
TAGGTTGTCGAAGCCC-1,
TAGGTTGTCTACGGTA-1,
TAGTGCAAGTGTTGTC-1,Neg_Control_Human
TAGTGCACACTGCACG-1,REEP5-INTRON
TATACCTAGATGAATC-1,RELA
TATACCTAGGTTGAGC-1,DMD-INTRON
TATACCTTCTTCGACC-1,SMPD1
TATATCCAGACTGGGT-1,DMD-INTRON
TATATCCCAACGACTT-1,Neg_Control_Human
TATATCCCATGTTCGA-1,Neg_Control_Human
TATATCCTCCTTCTGG-1,
TATCAGGAGCCACTCG-1,ALAS1-INTRON
TATCAGGCAAGCGAAC-1,
TATCAGGGTAGTTAGA-1,CHUK
TATCAGGTCGTTGTTT-1,Neg_Control_Human
TATCCTAAGCAGCGAT-1,SMPD1
TATCCTAAGTGCACCC-1,DMD-INTRON
TATCCTACATTCCTAT-1,
TATCCTATCCGTAATG-1,
TATCGCCTCAGACAAA-1,
TATCGCCTCGCATAGT-1,Neg_Control_Human
TATCTGTTCATTGTGG-1,
TATCTTGAGCGTGTCC-1,
TATCTTGCATCCGGCA-1,
TATGTTCCAGGGAGAG-1,ACTG1
TATGTTCGTCAAATCC-1,RELA
TATTCCAAGACCAAAT-1,
TATTCCAGTTAAACCC-1,CHAT-INTRON
TATTGCTGTTGTCATG-1,
TATTGCTTCCTTATAC-1,
TATTTCGAGAGTCCGA-1,TNFRSF1A
TCAAGACTCACCTTAT-1,TAB1
TCAAGACTCATGCTAG-1,REEP5-INTRON
TCAAGCACATATCTCT-1,
TCAAGCAGTGGAACAC-1,
TCAAGCATCAATCGGT-1,
TCAAGCATCTGGTGGC-1,RELA
TCAATCTGTCGTCAGC-1,CHUK
TCAATCTTCCATCAGA-1,Neg_Control_Human
TCAATTCCAAATCAGA-1,
TCAATTCGTAGATCGG-1,CHUK
TCAATTCGTCTTCTAT-1,
TCACAAGGTAACACGG-1,CHAT-INTRON
TCACAAGGTAACAGGC-1,
TCACACCTCACTTTGT-1,IKBKG
TCACGCTAGCTGTGCC-1,Neg_Control_Human
TCACGCTCATCATCTT-1,IKBKG
TCACGCTGTGTGTTTG-1,
TCACGCTTCAACACGT-1,
TCACGGGTCCTAAGTG-1,SMPD1
TCACGGGTCTCTCCGA-1,
TCACTATAGCATCTTG-1,TNFRSF1A
TCACTATCACCTCAGG-1,
TCACTATTCGCTGACG-1,
TCACTCGAGCTGACTT-1,CHUK
TCACTCGCAGAGGTAC-1,SMPD1
TCACTCGCATACAGGG-1,CHUK
TCACTCGGTTATTCTC-1,IKBKG
TCAGCAAAGCAGCCTC-1,ALAS1-INTRON
TCAGCAACAGAACTAA-1,TAB1
TCAGCAAGTGATTCTG-1,RELA
TCAGCAAGTTCTCGCT-1,CHUK
TCAGCCTGTCCCTCAT-1,
TCAGCCTTCCTACCAC-1,
TCAGGGCAGATTCGAA-1,TAB1
TCAGGGCGTCCTGTTC-1,
TCAGGGCGTTCCAGGC-1,
TCAGTCCAGAGTTCGG-1,TNFRSF1A
TCAGTCCAGGAACGCT-1,REEP5-INTRON
TCAGTCCAGGCGACAT-1,REEP5-INTRON
TCAGTCCCATAGGAGC-1,DMD-INTRON
TCAGTGACAGAGTTGG-1,TNFRSF1A
TCAGTTTAGTCCGCGT-1,
TCAGTTTTCGAACGGA-1,SMPD1
TCATACTAGCGATTCT-1,
TCATACTCAGGGAGAG-1,REEP5-INTRON
TCATACTCATAAGCGG-1,
TCATACTTCATTCACT-1,
TCATACTTCGTACCTC-1,IKBKG
TCATACTTCTTCCCGA-1,
TCATATCAGGGCCTCT-1,CHAT-INTRON
TCATATCTCCCTCTAG-1,
TCATCATGTGTTCGTA-1,
TCATCCGAGGAAAGAC-1,Neg_Control_Human
TCATCCGCAAATGAGT-1,
TCATCCGGTTCTCACC-1,TAB1
TCATCCGTCACAAGAA-1,
TCATGAGGTGACACGA-1,ALAS1-INTRON
TCATGCCCATTCTCTA-1,SMPD1
TCATGGAAGTTTGGCT-1,TAB1
TCATGGATCACGATAC-1,
TCATGTTCAAATACAG-1,CHAT-INTRON
TCATGTTTCAAACCCA-1,
TCATTACAGATGCGAC-1,RELA
TCATTACGTCGGTACC-1,
TCATTACTCAAGCTTG-1,DMD-INTRON
TCATTCAAGATGATTG-1,
TCATTCACACCCTAAA-1,REEP5-INTRON
TCATTCACAGACAATA-1,
TCATTCATCGTACCTC-1,TNFRSF1A
TCATTGTAGTCATACC-1,Neg_Control_Human
TCATTGTGTACCTTCC-1,CHUK
TCATTGTGTCCTGGGT-1,CHUK
TCATTGTGTGCCGGTT-1,CHUK
TCATTGTTCCTAGCCT-1,
TCCACGTCATGGGATG-1,IKBKG
TCCACGTGTCAAAGCG-1,CHUK
TCCACGTTCGAGAATA-1,
TCCACGTTCTCTCAAT-1,SMPD1
TCCATCGCAAGTTCGT-1,SMPD1
TCCATCGTCCATGATG-1,Neg_Control_Human
TCCATGCAGGATACGC-1,
TCCATGCGTCGTGGAA-1,
TCCATGCTCCCTCTTT-1,Neg_Control_Human
TCCATGCTCGTTAGTG-1,CHAT-INTRON
TCCCACAGTATCCCAA-1,TAB1
TCCCACATCTAGTACG-1,Neg_Control_Human
TCCCAGTCACACGGAA-1,RELA
TCCCATGTCGAGCACC-1,DMD-INTRON
TCCGATCAGCAGATAT-1,ALAS1-INTRON
TCCGGGACAATAACGA-1,SMPD1
TCCGTGTCACAAGCTT-1,DMD-INTRON
TCCGTGTTCCATTTGT-1,REEP5-INTRON
TCCTAATCAATTGTGC-1,Neg_Control_Human
TCCTAATGTCGTGCCA-1,CHUK
TCCTAATTCCACCCTA-1,
TCCTCCCAGACTACGG-1,SMPD1
TCCTCCCAGCGCCATC-1,
TCCTCCCAGGACCCAA-1,TAB1
TCCTCCCGTATAGGGC-1,
TCCTCGATCCATTGTT-1,TAB1
TCCTCTTAGGTGCTAG-1,SMPD1
TCCTGCAAGTTGGCTT-1,SMPD1
TCCTGCAGTAGACGGT-1,
TCCTGCATCAAACCTG-1,
TCCTTCTCAAACAGGC-1,TAB1
TCCTTCTTCCGCGAGT-1,Neg_Control_Human
TCCTTTCCATTGGGAG-1,ALAS1-INTRON
TCGAACAAGAACAGGA-1,REEP5-INTRON
TCGAACAAGGGAGAAT-1,Neg_Control_Human
TCGAACAAGGTGATAT-1,
TCGAAGTGTACTCGTA-1,TNFRSF1A
TCGAAGTGTCGAATGG-1,TNFRSF1A
TCGAAGTTCGGTAGGA-1,ALAS1-INTRON
TCGACCTAGAAACCCG-1,REEP5-INTRON
TCGACCTAGGATTTAG-1,ALAS1-INTRON
TCGACGGCACCGGAAA-1,
TCGATTTAGGATGGCT-1,IKBKG
TCGATTTAGGCACTAG-1,Neg_Control_Human
TCGATTTTCGGAACTT-1,ALAS1-INTRON
TCGATTTTCTGGGCCA-1,Neg_Control_Human
TCGCACTCAACCCTAA-1,REEP5-INTRON
TCGCACTGTTACCGTA-1,ACTG1
TCGCACTTCCGTAGGC-1,DMD-INTRON
TCGCACTTCTTACTGT-1,
TCGCAGGAGCTGCCTG-1,IKBKG
TCGCAGGGTACAGAGC-1,DMD-INTRON
TCGCAGGGTAGTACGG-1,IKBKG
TCGCAGGGTATCCTTT-1,Neg_Control_Human
TCGCAGGGTCCTGGTG-1,
TCGCAGGTCGAAGAAT-1,
TCGCTCAGTTTAGTCG-1,Neg_Control_Human
TCGGATAAGGATACAT-1,Neg_Control_Human
TCGGATAAGGTTATAG-1,
TCGGATAGTCACTAGT-1,Neg_Control_Human
TCGGGACAGAAACTCA-1,DMD-INTRON
TCGGGACAGAAGTCAT-1,TAB1
TCGGGACGTGATGAAT-1,CHUK
TCGGGCACACAACGCC-1,RELA
TCGGGTGAGAGCTGCA-1,Neg_Control_Human
TCGGGTGCAAATACGA-1,Neg_Control_Human
TCGGGTGTCACTTTGT-1,TNFRSF1A
TCGGTCTAGTCACAGG-1,ALAS1-INTRON
TCGGTCTTCTGGTCAA-1,ALAS1-INTRON
TCGTAGACATGAATCC-1,SMPD1
TCGTAGAGTGTGCTTA-1,DMD-INTRON
TCGTCCACATGAGTAA-1,ALAS1-INTRON
TCGTGCTAGTAGATCA-1,IKBKG
TCGTGGGAGCCTGCCA-1,Neg_Control_Human
TCGTGGGAGGAGTATT-1,Neg_Control_Human
TCTAACTGTCATCAGT-1,Neg_Control_Human
TCTAACTTCTTCACAT-1,Neg_Control_Human
TCTACATGTCTACAAC-1,RELA
TCTACCGAGGCCTTCG-1,Neg_Control_Human
TCTACCGAGGGCCCTT-1,CHAT-INTRON
TCTACCGCAGCATGCC-1,Neg_Control_Human
TCTACCGCATACTGAC-1,Neg_Control_Human
TCTATACCATGAATCC-1,IKBKG
TCTATACGTTCATCGA-1,
TCTATACTCGAGCTGC-1,ALAS1-INTRON
TCTATACTCTTACTGT-1,
TCTATCACACCACATA-1,
TCTATCAGTCAAGCCC-1,TAB1
TCTATCATCGCCGATG-1,
TCTCACGAGTACAACA-1,IKBKG
TCTCACGTCTCATAGG-1,TNFRSF1A
TCTCAGCAGGGTCACA-1,CHAT-INTRON
TCTCAGCCATGACCCG-1,Neg_Control_Human
TCTGCCAAGACATACA-1,
TCTGCCAAGTTGGAAT-1,ACTG1
TCTGCCATCAAATGAG-1,TNFRSF1A
TCTGGCTAGCGCCTTG-1,CHAT-INTRON
TCTGGCTCAGCATACT-1,SMPD1
TCTGGCTTCCTACAAG-1,DMD-INTRON
TCTGGCTTCCTCTTTC-1,CHAT-INTRON
TCTGTCGAGGCCACCT-1,ALAS1-INTRON
TCTGTCGGTAACATGA-1,
TCTGTCGGTTTGGAAA-1,
TCTTAGTCAGGTGTTT-1,
TCTTAGTGTGGATTTC-1,Neg_Control_Human
TCTTTGACAGCCTTCT-1,
TCTTTGATCAACTGGT-1,REEP5-INTRON
TGAATCGAGGAGGCAG-1,CHAT-INTRON
TGAATCGTCGCGGACT-1,SMPD1
TGAATGCGTCAAGCCC-1,TAB1
TGACAGTAGCTAAATG-1,REEP5-INTRON
TGACAGTGTTACCTGA-1,
TGACCCTAGGCTTTCA-1,IKBKG
TGACCCTGTCACAGAG-1,
TGACCCTTCTCGCTCA-1,TAB1
TGACGCGAGTGAATAC-1,TNFRSF1A
TGACGCGGTCCCGTGA-1,Neg_Control_Human
TGACGCGGTGCCGTAC-1,Neg_Control_Human
TGACTCCAGGAATTAC-1,ALAS1-INTRON
TGAGACTAGATTGTGA-1,CHAT-INTRON
TGAGACTCACCTCGTT-1,
TGAGACTCACTGGATT-1,
TGAGACTTCTCAGGCG-1,TAB1
TGAGCATCAATGGGTG-1,IKBKG
TGAGCATGTATAATGG-1,
TGAGCATGTGGATCAG-1,CHAT-INTRON
TGAGCGCCAACCGCTG-1,
TGAGCGCTCATTCACT-1,
TGAGCGCTCTGTCGTC-1,ALAS1-INTRON
TGAGGAGTCGCTTACC-1,Neg_Control_Human
TGAGGGAAGACGACTG-1,
TGAGGGATCACTAGCA-1,CHAT-INTRON
TGAGGTTGTCGGTAAG-1,TAB1
TGAGTCAAGAGCCGAT-1,
TGAGTCAAGTTAGAAC-1,DMD-INTRON
TGAGTCAGTGCTAGCC-1,
TGATCAGAGACAACTA-1,TNFRSF1A
TGATCAGCAACACAGG-1,CHUK
TGATCAGGTATAATGG-1,
TGATCAGGTTCCACGG-1,
TGATCTTCACAAATAG-1,
TGATCTTCACTGCGAC-1,SMPD1
TGATCTTGTCGGCTAC-1,ACTG1
TGATCTTGTTGGGATG-1,TNFRSF1A
TGATGCAAGCCATGCC-1,
TGATGCACAACCACAT-1,ALAS1-INTRON
TGATGGTTCTCCTACG-1,IKBKG
TGATTCTGTATGAGCG-1,
TGATTTCCAAATCAGA-1,SMPD1
TGATTTCGTGCATACT-1,CHUK
TGATTTCGTTGTCTAG-1,
TGCACGGCAACATCGT-1,CHUK
TGCACGGCATCCGTTC-1,IKBKG
TGCACGGTCGCCAGAC-1,CHUK
TGCAGATAGCCACTCG-1,
TGCAGGCGTCCTACGG-1,IKBKG
TGCAGTAAGAGCAGCT-1,
TGCAGTACACGCGTGT-1,
TGCAGTACAGTCAGTT-1,ALAS1-INTRON
TGCAGTAGTTGTGCCG-1,ALAS1-INTRON
TGCATCCCACTGCTTC-1,Neg_Control_Human
TGCATGAAGTAAGACT-1,Neg_Control_Human
TGCATGACAGTGCGCT-1,Neg_Control_Human
TGCATGAGTGCCAAGA-1,Neg_Control_Human
TGCATGAGTGGCACTC-1,REEP5-INTRON
TGCATGATCAGTCAGT-1,CHUK
TGCATGATCCGCTGTT-1,REEP5-INTRON
TGCCGAGAGGCTCTCG-1,REEP5-INTRON
TGCCGAGGTACTGGGA-1,
TGCCGAGGTTGGGACA-1,RELA
TGCCGAGTCCGAGCTG-1,CHUK
TGCGACGCATCTGTTT-1,
TGCGGCATCCCAACTC-1,SMPD1
TGCGGCATCTGCTAGA-1,TNFRSF1A
TGCGGGTGTCGTGCCA-1,ALAS1-INTRON
TGCGGGTGTGATTCAC-1,
TGCTCCACACCAAATC-1,IKBKG
TGCTCCACATTGAGGG-1,ALAS1-INTRON
TGCTCCAGTAATGTGA-1,ALAS1-INTRON
TGCTCCAGTTTCCATT-1,CHUK
TGCTCGTAGCGTATGG-1,REEP5-INTRON
TGCTGAAAGGAGTATT-1,CHUK
TGCTTGCAGGTTCAGG-1,Neg_Control_Human
TGGAACTAGATCCTAC-1,CHAT-INTRON
TGGAACTAGCGGATCA-1,
TGGAACTGTCAGTCCG-1,TAB1
TGGAACTTCGCTCTCA-1,
TGGAGAGAGTAGTGCG-1,SMPD1
TGGAGAGCAAGCGATG-1,Neg_Control_Human
TGGAGAGCATTGAAGA-1,REEP5-INTRON
TGGAGGACAGGAGGTT-1,Neg_Control_Human
TGGAGGAGTCAACACT-1,
TGGATCAAGTGCAACG-1,REEP5-INTRON
TGGATCAGTCAAAGCG-1,SMPD1
TGGATCAGTCTCTCTG-1,
TGGATCAGTTAGTTCG-1,CHAT-INTRON
TGGATGTCACAGTATC-1,TAB1
TGGATGTCAGTCAGTT-1,
TGGATGTCATCGGCCA-1,
TGGCGTGGTGGATACG-1,SMPD1
TGGCGTGGTGTGTACT-1,TNFRSF1A
TGGGAAGTCGATAACC-1,Neg_Control_Human
TGGGAAGTCTTCACGC-1,DMD-INTRON
TGGGATTCAAGCGAGT-1,TAB1
TGGGATTGTAATGATG-1,Neg_Control_Human
TGGGATTTCCTAGAGT-1,
TGGGCGTAGCCGTTAT-1,REEP5-INTRON
TGGGCGTAGGAGAGTA-1,Neg_Control_Human
TGGGCGTTCCGGACTG-1,RELA
TGGGCTGCATTGACAC-1,
TGGGCTGGTGTCTTGA-1,TNFRSF1A
TGGGCTGTCTTGTTAC-1,
TGGGTTAAGTGATCGG-1,RELA
TGGGTTAGTCTAACTG-1,SMPD1
TGGTACAAGGTATCTC-1,
TGGTACACAGAGATTA-1,
TGGTACATCACCTCGT-1,ACTG1
TGGTACATCTTCTTCC-1,REEP5-INTRON
TGGTTAGAGCACTGGA-1,CHUK
TGGTTAGCACAGCATT-1,TAB1
TGGTTAGCAGAATGTA-1,
TGGTTAGGTCCTGGGT-1,TAB1
TGGTTAGTCATTGTTC-1,
TGGTTAGTCGCGTGAC-1,
TGTAACGAGAGAACCC-1,TAB1
TGTAACGAGCCAAGCA-1,
TGTAACGCAGGGTCTC-1,
TGTAACGGTCGATTTG-1,Neg_Control_Human
TGTAACGGTGGTAACG-1,ALAS1-INTRON
TGTAAGCAGCTAAATG-1,IKBKG
TGTAAGCCACAACGCC-1,CHAT-INTRON
TGTAAGCGTGAATGTA-1,ALAS1-INTRON
TGTAAGCGTGTTGCCG-1,TNFRSF1A
TGTAAGCTCTAGAACC-1,DMD-INTRON
TGTACAGCATGTTCAG-1,DMD-INTRON
TGTACAGGTGCTTCAA-1,Neg_Control_Human
TGTACAGTCAAGGCTT-1,Neg_Control_Human
TGTACAGTCGAATGCT-1,ALAS1-INTRON
TGTACAGTCGATTTCT-1,TAB1
TGTCAGACATTGAGGG-1,TAB1
TGTCAGAGTACAGCGA-1,
TGTCAGATCGGTAGGA-1,DMD-INTRON
TGTCAGATCTCCCTAG-1,
TGTCCACAGCATCAGG-1,
TGTCCACAGTGCCAGA-1,Neg_Control_Human
TGTCCCAAGCTGAGCA-1,
TGTCCCAAGGACGCTA-1,ALAS1-INTRON
TGTCCCACACCCTAAA-1,IKBKG
TGTCCCACACTTGGGC-1,Neg_Control_Human
TGTCCCATCTTAGCAG-1,
TGTCCTGAGAGATTCA-1,
TGTCCTGAGTCATCGT-1,SMPD1
TGTCCTGCACGACGCT-1,
TGTCCTGCATGACTAC-1,Neg_Control_Human
TGTGAGTGTGTCTTCC-1,DMD-INTRON
TGTGAGTTCAGATTGC-1,
TGTGCGGTCGGTGAAG-1,DMD-INTRON
TGTGGCGGTGCCTATA-1,IKBKG
TGTGGCGTCCTTCTTC-1,CHUK
TGTGTGAAGCGTGCTC-1,TAB1
TGTGTGATCGAAGAAT-1,CHUK
TGTGTGATCGGCATAT-1,TAB1
TGTTACTCACTGATTG-1,
TGTTCATCATCTTTCA-1,Neg_Control_Human
TGTTCATTCTTGTGCC-1,Neg_Control_Human
TGTTCCGCACCAGTAT-1,Neg_Control_Human
TGTTCCGCACGCTGCA-1,
TGTTCCGGTCGTATGT-1,REEP5-INTRON
TGTTCTAGTAGAATGT-1,Neg_Control_Human
TGTTCTAGTCGTATTG-1,
TGTTCTATCTCGTGAA-1,
TGTTGAGAGCACCGAA-1,IKBKG
TGTTGAGCAGTCAGCC-1,
TGTTGAGGTGCATACT-1,Neg_Control_Human
TGTTGAGTCGGAGCAA-1,REEP5-INTRON
TGTTGGAAGCGCAATG-1,
TGTTTGTTCCCAGGCA-1,
TTAATCCGTCAGGCAA-1,
TTACAGGAGAGTCAAT-1,Neg_Control_Human
TTACAGGGTAGCGTCC-1,Neg_Control_Human
TTACAGGGTCGCTGCA-1,ALAS1-INTRON
TTACAGGTCGGAGATG-1,
TTACCATGTAACGCGA-1,Neg_Control_Human
TTACCGCAGGCCGCTT-1,TNFRSF1A
TTACCGCGTCTATGAC-1,DMD-INTRON
TTACCGCTCAGGGATG-1,IKBKG
TTACGCCCACCAGACC-1,IKBKG
TTACGCCGTAACCAGG-1,CHUK
TTACGCCGTAAGCGGT-1,
TTACGTTAGTTGGACG-1,
TTACTGTTCACTTTGT-1,
TTACTGTTCATGTCTT-1,Neg_Control_Human
TTACTGTTCCTTCTTC-1,DMD-INTRON
TTAGGCACATTGACTG-1,CHUK
TTAGGCAGTGGACCTC-1,RELA
TTAGGGTGTACGATGG-1,Neg_Control_Human
TTAGGGTGTCTCTCTG-1,
TTAGGGTGTTAGAAAC-1,CHAT-INTRON
TTAGTCTCAGGACATG-1,SMPD1
TTATTGCAGATGCAGC-1,REEP5-INTRON
TTCAATCCAGCGTGCT-1,IKBKG
TTCAATCTCACAATGC-1,CHAT-INTRON
TTCACCGAGAGGCCAT-1,
TTCACCGCACAGCATT-1,CHUK
TTCACCGCAGTCCCGA-1,
TTCACCGTCCATTTAC-1,IKBKG
TTCACGCAGATCCGAG-1,
TTCACGCAGCAAGGAA-1,Neg_Control_Human
TTCACGCAGCACCAGA-1,
TTCACGCAGTAGTCTC-1,Neg_Control_Human
TTCACGCCACCGTACG-1,CHUK
TTCACGCCAGTCTCTC-1,DMD-INTRON
TTCAGGAAGGCTGGAT-1,SMPD1
TTCAGGACATTCTGTT-1,Neg_Control_Human
TTCAGGATCGGATTAC-1,CHAT-INTRON
TTCATGTCAATTGGTC-1,
TTCATGTCATAAGCGG-1,CHUK
TTCATGTTCTGTCGTC-1,CHUK
TTCATTGTCCGCGAGT-1,Neg_Control_Human
TTCCAATTCTGCGTCT-1,TNFRSF1A
TTCCACGAGCTAATGA-1,
TTCCACGCATCTATCT-1,
TTCCGGTAGCGCACAA-1,Neg_Control_Human
TTCCGGTAGTATGATG-1,
TTCCGGTGTGGCCACT-1,ALAS1-INTRON
TTCCGGTGTTTACTGG-1,
TTCCGGTTCAGAGCGA-1,TAB1
TTCCGGTTCGGCATAT-1,
TTCCGTGAGGTTATAG-1,Neg_Control_Human
TTCCGTGCATATACCG-1,RELA
TTCCTAAGTGCAGGAT-1,ALAS1-INTRON
TTCCTAATCGCACGGT-1,CHUK
TTCCTAATCTTTACAC-1,
TTCCTCTAGTAGAATC-1,IKBKG
TTCCTCTGTATAGGGC-1,
TTCCTCTGTCATGACT-1,DMD-INTRON
TTCCTCTGTTTGGGAG-1,
TTCCTTCTCCATTCGC-1,IKBKG
TTCGGTCTCTGCTTAT-1,
TTCTAGTAGGCTGTAG-1,Neg_Control_Human
TTCTAGTGTGTACAGG-1,Neg_Control_Human
TTCTAGTTCGAGTGGA-1,TAB1
TTCTCTCAGCCTTCTC-1,TNFRSF1A
TTCTCTCCAAAGGGTC-1,CHUK
TTCTCTCGTATACGGG-1,
TTCTCTCGTGAGTGAC-1,
TTCTCTCTCAAGTGTC-1,
TTCTCTCTCGTGTTCC-1,REEP5-INTRON
TTCTGTAAGCCGATAG-1,
TTCTGTACAGCAGTTT-1,SMPD1
TTCTTCCGTAGTACGG-1,
TTCTTCCGTGACGTCC-1,ALAS1-INTRON
TTCTTGAAGCAGTAAT-1,ALAS1-INTRON
TTCTTGAGTGTACGCC-1,TNFRSF1A
TTGACCCGTAAGGAGA-1,ALAS1-INTRON
TTGACCCTCCCGTTCA-1,
TTGAGTGGTGTCCCTT-1,REEP5-INTRON
TTGATGGAGCGCCTTG-1,
TTGATGGCAGTGGGTA-1,CHAT-INTRON
TTGATGGTCTAGCCAA-1,
TTGCATTCACCCTCTA-1,
TTGCATTCATAAGCAA-1,CHUK
TTGCATTTCACACGAT-1,REEP5-INTRON
TTGCATTTCATTGTGG-1,Neg_Control_Human
TTGCATTTCCTTCTGG-1,
TTGCCTGAGCTCCATA-1,ALAS1-INTRON
TTGCCTGAGGCATCTT-1,TNFRSF1A
TTGCCTGAGTGCAGGT-1,
TTGCCTGTCCATATGG-1,REEP5-INTRON
TTGCCTGTCGACATAC-1,DMD-INTRON
TTGCGTCCAAGTCGTT-1,TNFRSF1A
TTGCGTCTCCATCACC-1,
TTGCGTCTCTGAATCG-1,REEP5-INTRON
TTGCGTCTCTGGCTGG-1,CHAT-INTRON
TTGCTGCAGTGCGACA-1,CHAT-INTRON
TTGGATGTCAGTCATG-1,ALAS1-INTRON
TTGGGATCAAGAGCTG-1,TAB1
TTGGGTAGTAACTTCG-1,IKBKG
TTGGGTATCGCCGAAC-1,ALAS1-INTRON
TTGGGTATCGGCAGTC-1,TAB1
TTGGTTTAGCCTTCTC-1,TAB1
TTGGTTTCATCGTTCC-1,REEP5-INTRON
TTGGTTTTCACCTGTC-1,
TTGTGGAAGCCAGAGT-1,
TTGTGGAAGGTGAGAA-1,Neg_Control_Human
TTGTGGAAGTCCCGAC-1,
TTGTGGAGTATACCCA-1,Neg_Control_Human
TTGTGGATCCCGATCT-1,
TTGTGTTGTCGCCACA-1,RELA
TTGTGTTTCGAGAGCA-1,
TTGTTGTGTATACCCA-1,
TTGTTTGGTAACCAGG-1,CHAT-INTRON
TTTACCAGTTTGCCGG-1,SMPD1
TTTACGTCATACTGTG-1,
TTTACGTTCATACGAC-1,TAB1
TTTACGTTCATCGACA-1,RELA
TTTAGTCAGAATCTAG-1,Neg_Control_Human
TTTAGTCCACTCCTTG-1,Neg_Control_Human
TTTAGTCGTTGTTGAC-1,TNFRSF1A
TTTAGTCTCAAGAATG-1,
TTTAGTCTCGGTCTAA-1,DMD-INTRON
TTTATGCTCATCGCCT-1,
TTTATGCTCATGCGGC-1,SMPD1
TTTATGCTCCACACAA-1,
TTTCACACAATTGCAC-1,REEP5-INTRON
TTTCACACACGGTGCT-1,Neg_Control_Human
TTTCACAGTCATCGCG-1,ALAS1-INTRON
TTTCACATCTTTGCTA-1,REEP5-INTRON
TTTCAGTCAGCTGGTC-1,IKBKG
TTTCATGAGATAGCTA-1,SMPD1
TTTCATGAGATAGGGA-1,Neg_Control_Human
TTTCATGTCTTAGCAG-1,RELA
TTTCCTCCAGGTGGAT-1,CHAT-INTRON
TTTCCTCGTGGCTTGC-1,CHAT-INTRON
TTTCGATGTACGGGAT-1,
TTTGACTAGCGGTAAC-1,ACTG1
TTTGATCCAGCTTTCC-1,
TTTGATCTCGAGTCTA-1,CHAT-INTRON
TTTGATCTCGCTAATG-1,Neg_Control_Human
TTTGGAGAGAAGCTGC-1,Neg_Control_Human
TTTGGAGAGACTACCT-1,ACTG1
TTTGGAGAGGTAACTA-1,
TTTGGTTTCTCGGTCT-1,Neg_Control_Human
TTTGTTGAGGATTTCC-1,CHAT-INTRON
